Country.of.Origin,Number.of.Bags,Bag.Weight,Harvest.Year,Grading.Date,Processing.Method,Aroma,Flavor,Aftertaste,Acidity,Body,Balance,Uniformity,Clean.Cup,Sweetness,Moisture,Category.One.Defects,Quakers,Color,Category.Two.Defects,Expiration,Altitude,Species
Thailand,1,10,2020,2024-10-29,Washed/Wet,8.67,8.5,8.33,8.0,8.08,8.33,10.0,10.0,10.0,0.112,0,0,,0,2025-10-29,1443.0,Arabica
Thailand,1,8,2025,2025-07-08,Natural/Dry,8.25,8.5,8.33,8.25,8.17,8.17,10.0,10.0,10.0,0.111,0,0,Green,0,2026-07-08,1450.0,Arabica
Thailand,1,7,2025,2025-10-02,Natural/Dry,8.42,8.42,8.17,8.17,8.08,8.17,10.0,10.0,10.0,0.097,0,0,Green,0,2026-10-02,1375.0,Arabica
Thailand,1,8,2025,2025-08-26,Natural/Dry,8.25,8.33,8.25,8.17,8.17,8.25,10.0,10.0,10.0,0.129,0,0,Yellow,0,2026-08-26,1200.0,Arabica
Thailand,1,7,2021,2025-10-02,Washed/Wet,8.33,8.25,8.08,8.08,8.25,8.25,10.0,10.0,10.0,0.095,0,0,Green,3,2026-10-02,1200.0,Arabica
Thailand,1,8,2025,2025-07-08,Natural/Dry,8.17,8.25,8.0,8.33,8.08,8.17,10.0,10.0,10.0,0.122,0,0,Green,0,2026-07-08,1200.0,Arabica
Thailand,1,7,2025,2025-10-02,Natural/Dry,8.33,8.33,8.08,8.25,8.08,8.08,10.0,10.0,10.0,0.109,0,0,Brown,0,2026-10-02,1400.0,Arabica
Thailand,1,8,2025,2025-10-02,Natural/Dry,8.33,8.33,8.17,8.08,7.92,8.17,10.0,10.0,10.0,0.1,0,0,Yellow-Green,0,2026-10-02,1480.0,Arabica
Ethiopia,1600,96000,2025,2025-04-08,Natural/Dry,8.0,8.25,8.17,8.33,8.33,8.0,10.0,10.0,10.0,0.089,0,3,Yellow-Green,1,2026-04-08,2000.0,Arabica
Taiwan,1,2,2025,2025-09-26,Honey,8.17,8.25,8.17,8.17,8.08,8.08,10.0,10.0,10.0,0.091,0,0,Blue-Green,0,2026-09-26,1200.0,Arabica
Ethiopia,100,30,2025,2025-04-17,Natural/Dry,8.08,8.08,8.17,8.33,8.08,8.0,10.0,10.0,10.0,0.098,1,7,Yellow-Green,14,2026-04-17,1100.0,Arabica
Taiwan,1,8,2024,2024-10-29,Honey,8.17,8.25,8.08,8.17,7.92,8.08,10.0,10.0,10.0,0.101,0,0,Green,2,2025-10-29,1050.0,Arabica
Taiwan,1,8,2024,2024-10-29,Natural/Dry,8.33,8.17,8.08,8.08,8.0,8.08,10.0,10.0,10.0,0.116,0,0,Blue-Green,0,2025-10-29,1300.0,Arabica
Vietnam,2000,1,2025,2025-07-09,Natural/Dry,8.5,8.25,8.08,8.08,8.08,7.83,10.0,10.0,10.0,0.11,0,0,Green,0,2026-07-09,500.0,Arabica
Ethiopia,100,60,2025,2025-09-10,Natural/Dry,8.0,8.17,8.17,8.25,8.25,8.08,10.0,10.0,10.0,0.101,0,2,Yellow-Green,5,2026-09-10,2000.0,Arabica
Taiwan,1,2,2025,2025-09-26,Natural/Dry,8.17,8.25,8.25,8.0,8.08,8.08,10.0,10.0,10.0,0.102,0,0,Blue-Green,0,2026-09-26,1500.0,Arabica
Taiwan,1,8,2024,2024-10-29,Honey,8.0,8.17,8.0,8.33,8.17,8.08,10.0,10.0,10.0,0.112,0,0,Green,2,2025-10-29,1200.0,Arabica
Vietnam,1500,1,2025,2025-07-09,Natural/Dry,8.33,8.17,8.0,8.17,8.08,8.08,10.0,10.0,10.0,0.11,0,0,Green,0,2026-07-09,1400.0,Arabica
Thailand,1,10,2024,2024-10-29,Natural/Dry,8.42,8.33,8.0,8.08,7.92,7.92,10.0,10.0,10.0,0.1,0,0,Yellow-Green,0,2025-10-29,1250.0,Arabica
Vietnam,5000,1,2025,2025-07-09,Natural/Dry,8.33,8.17,8.17,8.0,8.17,8.0,10.0,10.0,10.0,0.11,0,0,Green,0,2026-07-09,1400.0,Arabica
Ethiopia,1600,96000,2025,2025-04-08,Washed/Wet,7.92,8.08,8.0,8.42,8.08,8.08,10.0,10.0,10.0,0.098,0,0,Blue-Green,1,2026-04-08,2000.0,Arabica
Vietnam,3000,1,2025,2025-07-09,Washed/Wet,8.25,8.17,7.92,8.17,8.08,8.0,10.0,10.0,10.0,0.11,0,0,Green,0,2026-07-09,1580.0,Arabica
Taiwan,1,8,2024,2024-10-29,Honey,8.17,8.25,8.08,7.92,7.83,8.25,10.0,10.0,10.0,0.102,0,0,Green,0,2025-10-29,1100.0,Arabica
Taiwan,1,5,2025,2025-07-15,Natural/Dry,8.0,8.17,8.08,8.08,7.83,8.08,10.0,10.0,10.0,0.092,0,0,Green,1,2026-07-15,725.0,Arabica
Thailand,1,8,2025,2025-08-26,Washed/Wet,8.33,8.17,7.92,7.92,7.92,8.17,10.0,10.0,10.0,0.117,0,0,Yellow-Green,0,2026-08-26,1450.0,Arabica
Taiwan,1,8,2024,2024-10-29,Natural/Dry,8.08,8.17,8.0,8.08,7.92,8.08,10.0,10.0,10.0,0.101,0,0,Green,0,2025-10-29,1000.0,Arabica
Ethiopia,100,6000,2025,2025-05-08,Natural/Dry,7.92,8.17,8.08,8.25,7.92,8.08,10.0,10.0,10.0,0.092,0,5,Yellow-Green,4,2026-05-08,1900.0,Arabica
Ethiopia,320,60,2025,2025-05-06,Washed/Wet,8.0,7.92,8.08,8.17,8.17,8.08,10.0,10.0,10.0,0.094,0,0,Green,3,2026-05-06,2025.0,Arabica
Thailand,1,30,2025,2025-08-26,Natural/Dry,8.0,8.17,7.92,8.17,8.17,8.0,10.0,10.0,10.0,0.125,0,0,Blue-Green,0,2026-08-26,1200.0,Arabica
Ethiopia,320,60,2025,2025-09-26,Washed/Wet,8.17,8.17,8.0,7.92,7.92,8.08,10.0,10.0,10.0,0.09,0,0,Green,1,2026-09-26,2150.0,Arabica
Taiwan,1,2,2025,2025-09-26,Washed/Wet,8.0,8.08,8.0,8.08,8.0,8.08,10.0,10.0,10.0,0.085,0,0,Green,4,2026-09-26,1100.0,Arabica
Colombia,600,30,2025,2024-11-23,Washed/Wet,8.08,8.08,7.92,7.92,8.0,8.5,10.0,10.0,10.0,0.118,0,0,Green,2,2025-11-23,1800.0,Arabica
Taiwan,1,6,2025,2025-09-12,Washed/Wet,8.0,8.25,7.92,8.08,8.0,8.0,10.0,10.0,10.0,0.112,0,0,Green,0,2026-09-12,650.0,Arabica
Vietnam,100,1,2025,2025-07-09,Honey,8.08,8.25,8.0,8.08,8.08,8.08,10.0,10.0,10.0,0.11,0,0,Green,0,2026-07-09,1500.0,Arabica
Vietnam,300,1,2025,2025-07-09,Honey,8.17,7.92,8.08,8.17,8.08,7.83,10.0,10.0,10.0,0.11,0,0,Green,0,2026-07-09,1600.0,Arabica
Colombia,200,70,2025,2025-04-30,Washed/Wet,8.0,7.83,8.0,8.0,8.08,8.33,10.0,10.0,10.0,0.105,4,1,Green,6,2026-04-30,1700.0,Arabica
Taiwan,1,8,2024,2024-10-29,Natural/Dry,8.08,8.08,8.0,8.0,8.0,8.08,10.0,10.0,10.0,0.1,0,0,Green,0,2025-10-29,1500.0,Arabica
Taiwan,1,8,2024,2024-10-29,Natural/Dry,8.25,8.17,8.08,8.0,7.83,7.92,10.0,10.0,10.0,0.102,0,0,Brown,1,2025-10-29,1050.0,Arabica
Thailand,1,10,2024,2024-10-29,Honey,8.17,8.17,8.0,8.0,7.67,8.08,10.0,10.0,10.0,0.104,0,2,Green,0,2025-10-29,1200.0,Arabica
Vietnam,200,1,2025,2025-07-09,Natural/Dry,8.0,8.17,8.0,8.08,7.83,8.08,10.0,10.0,10.0,0.11,0,0,Green,0,2026-07-09,1550.0,Arabica
Thailand,1,8,2025,2025-08-26,Natural/Dry,8.0,8.17,7.92,8.17,8.17,8.0,10.0,10.0,10.0,0.117,0,0,Blue-Green,0,2026-08-26,1300.0,Arabica
Vietnam,2500,1,2025,2025-07-09,Natural/Dry,8.17,8.08,7.92,8.0,8.0,7.92,10.0,10.0,10.0,0.11,0,0,Green,0,2026-07-09,1200.0,Arabica
Indonesia,1,60,2025,2025-10-13,,8.25,8.0,8.08,8.0,7.83,8.0,10.0,10.0,10.0,0.117,0,0,Yellow,0,2026-10-13,1400.0,Arabica
Taiwan,1,6,2025,2025-09-12,Honey,7.83,8.08,8.0,8.17,7.92,8.0,10.0,10.0,10.0,0.105,0,0,Green,3,2026-09-12,300.0,Arabica
Taiwan,1,2,2025,2025-09-18,Honey,8.17,8.08,8.0,8.0,7.92,7.92,10.0,10.0,10.0,0.101,0,0,Green,0,2026-09-18,1250.0,Arabica
Guatemala,9,30,2025,2025-09-26,Natural/Dry,8.0,8.0,7.92,7.92,8.0,8.08,10.0,10.0,10.0,0.109,0,0,Green,0,2026-09-26,1550.0,Arabica
Ethiopia,317,60,2024,2024-11-27,Washed/Wet,8.17,8.08,7.92,7.92,8.0,8.0,10.0,10.0,10.0,0.101,0,0,Blue-Green,3,2025-11-27,1973.0,Arabica
Thailand,1,30,2025,2025-08-26,Washed/Wet,8.17,8.0,7.83,8.0,8.0,7.92,10.0,10.0,10.0,0.121,0,0,Green,0,2026-08-26,1430.0,Arabica
Taiwan,1,8,2024,2024-10-29,Washed/Wet,8.0,8.08,7.92,8.0,7.92,8.0,10.0,10.0,10.0,0.108,0,0,Green,1,2025-10-29,1000.0,Arabica
Colombia,3,35,2024,2024-11-20,Natural/Dry,7.92,8.17,7.67,8.0,8.08,8.0,10.0,10.0,10.0,0.103,0,0,Yellow,0,2025-11-20,1600.0,Arabica
Panama,3,35,2023,2024-11-20,Cherry,7.92,8.25,7.92,8.25,7.75,7.75,10.0,10.0,10.0,0.117,0,0,Yellow,0,2025-11-20,1500.0,Arabica
Japan,10,1,2025,2025-09-26,Natural/Dry,7.83,8.0,8.08,7.92,7.83,8.0,10.0,10.0,10.0,0.102,0,0,Green,0,2026-09-26,89.0,Arabica
Colombia,3,35,2024,2024-11-20,Natural/Dry,7.58,8.42,7.92,7.92,8.08,7.75,10.0,10.0,10.0,0.104,0,0,Orange,3,2025-11-20,1600.0,Arabica
Taiwan,1,2,2025,2025-09-26,Natural/Dry,8.0,8.0,7.92,8.0,7.92,8.0,10.0,10.0,10.0,0.105,0,0,Yellow-Green,0,2026-09-26,1300.0,Arabica
Vietnam,12000,1,2025,2025-07-10,Washed/Wet,8.0,8.0,7.92,8.0,7.92,7.92,10.0,10.0,10.0,0.11,0,0,Green,0,2026-07-10,1500.0,Arabica
Kenya,64,60,2021,2025-04-01,Washed/Wet,8.0,8.0,7.92,7.92,8.0,7.92,10.0,10.0,10.0,0.118,0,0,Green,2,2026-04-01,1560.0,Arabica
Thailand,1,8,2025,2025-10-02,Natural/Dry,8.0,7.92,7.92,8.0,7.83,8.0,10.0,10.0,10.0,0.106,0,0,Yellow-Green,2,2026-10-02,1200.0,Arabica
Taiwan,1,8,2024,2024-10-29,Natural/Dry,7.92,8.08,8.08,7.92,7.92,7.92,10.0,10.0,10.0,0.104,0,0,Blue-Green,1,2025-10-29,1200.0,Arabica
Taiwan,1,8,2024,2024-10-29,Natural/Dry,8.08,8.08,7.92,7.83,7.83,7.92,10.0,10.0,10.0,0.1,0,0,Green,0,2025-10-29,1200.0,Arabica
Taiwan,1,5,2025,2025-07-15,Natural/Dry,7.92,8.0,8.0,7.92,7.83,7.92,10.0,10.0,10.0,0.091,0,0,Yellow-Green,0,2026-07-15,725.0,Arabica
Ethiopia,830,60,2025,2025-07-07,Natural/Dry,8.08,8.08,8.08,7.92,7.67,7.92,10.0,10.0,10.0,0.091,0,0,Brown,4,2026-07-07,2200.0,Arabica
Taiwan,1,2,2025,2025-09-26,Natural/Dry,8.25,8.08,7.92,8.0,7.75,7.83,10.0,10.0,10.0,0.102,0,0,Green,0,2026-09-26,1200.0,Arabica
Thailand,1,8,2021,2025-08-26,Washed/Wet,8.0,7.75,7.92,8.0,7.92,7.92,10.0,10.0,10.0,0.107,0,0,Green,1,2026-08-26,1350.0,Arabica
Thailand,1,30,2025,2025-08-26,Honey,8.0,7.92,8.0,7.92,7.92,8.0,10.0,10.0,10.0,0.112,0,0,Yellow-Green,0,2026-08-26,1430.0,Arabica
Taiwan,1,8,2024,2024-10-29,Natural/Dry,8.0,8.0,7.92,8.0,7.83,7.83,10.0,10.0,10.0,0.101,0,0,Yellow,0,2025-10-29,1020.0,Arabica
Taiwan,1,2,2025,2025-09-18,Honey,8.08,8.08,7.92,7.92,7.83,7.83,10.0,10.0,10.0,0.11,0,0,Blue-Green,0,2026-09-18,1200.0,Arabica
Taiwan,1,6,2025,2025-09-12,Honey,7.92,8.0,7.92,8.0,7.83,7.92,10.0,10.0,10.0,0.117,0,0,Green,0,2026-09-12,150.0,Arabica
Panama,3,35,2023,2024-11-20,Cherry,8.0,8.08,7.83,8.08,7.75,7.58,10.0,10.0,10.0,0.116,0,0,Yellow,3,2025-11-20,1300.0,Arabica
Thailand,1,8,2025,2025-10-02,Natural/Dry,8.08,8.17,7.92,7.92,7.83,7.58,10.0,10.0,10.0,0.101,0,0,Brown,0,2026-10-02,1500.0,Arabica
Taiwan,1,8,2024,2024-10-29,Washed/Wet,8.33,8.0,7.83,7.75,7.67,7.83,10.0,10.0,10.0,0.102,0,0,Yellow-Green,0,2025-10-29,1250.0,Arabica
Ethiopia,302,60,2025,2025-07-07,Natural/Dry,7.92,8.0,7.92,7.75,7.92,8.0,10.0,10.0,10.0,0.091,0,0,Brown,4,2026-07-07,2200.0,Arabica
Taiwan,1,8,2023,2024-10-29,Honey,7.75,8.0,7.92,8.0,7.83,7.83,10.0,10.0,10.0,0.104,0,0,Green,0,2025-10-29,1000.0,Arabica
Taiwan,1,5,2025,2025-07-15,Honey,8.08,8.0,7.92,7.83,7.83,7.83,10.0,10.0,10.0,0.097,0,0,Green,0,2026-07-15,700.0,Arabica
Taiwan,1,5,2025,2025-07-15,Natural/Dry,7.92,8.0,7.75,8.0,7.92,7.92,10.0,10.0,10.0,0.095,0,0,Yellow-Green,0,2026-07-15,725.0,Arabica
Thailand,2,1000,2024,2024-10-29,Washed/Wet,8.42,7.92,7.83,7.92,7.75,7.75,10.0,10.0,10.0,0.103,0,0,,0,2025-10-29,1400.0,Arabica
Taiwan,1,5,2025,2025-07-15,Natural/Dry,7.92,8.08,7.92,7.92,7.92,7.83,10.0,10.0,10.0,0.092,0,0,Green,0,2026-07-15,680.0,Arabica
Taiwan,1,5,2025,2025-07-15,Natural/Dry,8.0,8.17,7.92,7.83,7.67,7.83,10.0,10.0,10.0,0.093,0,1,Yellow,0,2026-07-15,725.0,Arabica
Costa Rica,1,1,2025,2025-02-20,Washed/Wet,7.92,7.92,7.83,7.92,8.0,7.92,10.0,10.0,10.0,0.115,0,2,Blue-Green,1,2026-02-20,1150.0,Arabica
Taiwan,1,10,2025,2025-03-19,Natural/Dry,8.17,8.08,7.75,7.75,7.75,7.83,10.0,10.0,10.0,0.095,3,0,Green,1,2026-03-19,500.0,Arabica
Vietnam,5000,1,2025,2025-07-09,Honey,7.92,7.92,7.92,7.92,7.83,7.92,10.0,10.0,10.0,0.11,0,0,Green,0,2026-07-09,1400.0,Arabica
Vietnam,300,1,2025,2025-07-09,Natural/Dry,8.17,7.83,7.75,7.92,7.83,7.83,10.0,10.0,10.0,0.11,0,0,Green,0,2026-07-09,1600.0,Arabica
Taiwan,1,2,2025,2025-09-26,Washed/Wet,8.0,8.0,7.92,7.92,7.75,7.83,10.0,10.0,10.0,0.094,0,0,Green,0,2026-09-26,1200.0,Arabica
Kenya,132,60,2025,2025-03-18,Washed/Wet,8.08,7.92,7.67,7.83,8.0,7.92,10.0,10.0,10.0,0.109,0,0,Green,5,2026-03-18,1950.0,Arabica
Guatemala,250,69,2025,2025-05-19,Washed/Wet,7.75,8.0,7.83,8.0,7.92,7.92,10.0,10.0,10.0,0.11,0,0,Green,2,2026-05-19,1447.8,Arabica
Vietnam,5000,1,2025,2025-07-09,Washed/Wet,8.08,8.0,7.83,7.92,7.75,7.83,10.0,10.0,10.0,0.11,0,0,Green,0,2026-07-09,1400.0,Arabica
Vietnam,200,1,2025,2025-07-09,Natural/Dry,8.08,8.0,7.83,7.83,7.75,7.83,10.0,10.0,10.0,0.11,0,0,Green,0,2026-07-09,1550.0,Arabica
Taiwan,1,6,2025,2025-09-12,Washed/Wet,7.92,8.0,7.83,7.92,7.75,7.92,10.0,10.0,10.0,0.116,0,0,Green,0,2026-09-12,600.0,Arabica
Thailand,1,10,2024,2024-10-29,Natural/Dry,8.0,8.0,7.92,7.83,7.83,7.83,10.0,10.0,10.0,0.094,0,0,Yellow-Green,0,2025-10-29,1200.0,Arabica
Kenya,150,60,2025,2025-03-18,Washed/Wet,8.0,8.0,7.58,7.83,7.92,7.92,10.0,10.0,10.0,0.111,0,0,Green,5,2026-03-18,1975.0,Arabica
Kenya,960,60,2025,2025-01-21,Washed/Wet,8.0,7.92,7.75,7.75,7.83,8.0,10.0,10.0,10.0,0.11,0,0,Green,1,2026-01-21,1950.0,Arabica
Ethiopia,840,60,2024,2025-09-26,Natural/Dry,7.92,8.0,7.75,7.92,7.92,7.83,10.0,10.0,10.0,0.102,0,0,Green,2,2026-09-26,2000.0,Arabica
Taiwan,1,6,2024,2025-09-12,Natural/Dry,7.92,8.0,7.83,7.83,7.75,7.83,10.0,10.0,10.0,0.122,0,0,Yellow,1,2026-09-12,300.0,Arabica
Taiwan,1,8,2024,2024-10-29,Natural/Dry,8.0,7.92,7.67,7.92,7.75,8.0,10.0,10.0,10.0,0.104,0,1,Yellow-Green,0,2025-10-29,600.0,Arabica
Thailand,2,10,2023,2024-11-07,Washed/Wet,7.92,8.0,7.83,7.92,7.83,7.75,10.0,10.0,10.0,0.095,0,0,,0,2025-11-07,1350.0,Arabica
Vietnam,1,2,2025,2025-06-30,Natural/Dry,8.08,7.83,7.75,7.83,7.83,7.92,10.0,10.0,10.0,0.113,0,0,Green,1,2026-06-30,550.0,Arabica
Kenya,88,60,2025,2025-03-25,Washed/Wet,7.83,7.75,7.83,8.08,7.83,7.92,10.0,10.0,10.0,0.11,0,0,Green,1,2026-03-25,1975.0,Arabica
Kenya,600,30,2025,2025-02-25,Washed/Wet,8.08,7.83,7.75,7.67,8.0,7.83,10.0,10.0,10.0,0.11,0,0,Green,2,2026-02-25,1700.0,Arabica
Kenya,1280,60,2025,2025-01-21,Washed/Wet,8.17,7.92,7.75,7.75,7.83,7.83,10.0,10.0,10.0,0.11,0,0,Green,5,2026-01-21,1950.0,Arabica
"Tanzania, United Republic Of",600,30,2026,2025-09-04,Washed/Wet,7.92,7.92,7.67,7.83,7.92,7.83,10.0,10.0,10.0,0.112,0,0,Green,5,2026-09-04,1624.0,Arabica
Thailand,4,25,2025,2025-08-26,Washed/Wet,7.92,7.92,7.83,7.83,7.75,7.83,10.0,10.0,10.0,0.126,0,0,Green,0,2026-08-26,1200.0,Arabica
Thailand,20,15,2025,2025-08-26,Natural/Dry,8.0,8.0,7.75,7.75,8.0,7.67,10.0,10.0,10.0,0.139,0,0,Yellow,0,2026-08-26,1400.0,Arabica
Thailand,2,25,2024,2024-10-29,Washed/Wet,7.92,7.92,7.75,7.92,7.67,7.83,10.0,10.0,10.0,0.103,0,0,,0,2025-10-29,1200.0,Arabica
Thailand,10,100,2025,2025-09-23,Natural/Dry,8.0,8.0,7.83,7.83,7.58,7.83,10.0,10.0,10.0,0.106,0,0,Green,4,2026-09-23,1300.0,Arabica
Taiwan,1,8,2024,2024-10-29,Natural/Dry,7.83,7.83,7.83,7.83,7.75,7.92,10.0,10.0,10.0,0.112,0,0,Green,3,2025-10-29,180.0,Arabica
Colombia,375,70,2025,2025-09-25,Washed/Wet,8.08,7.83,7.67,7.92,7.92,7.75,10.0,10.0,10.0,0.105,0,0,Green,2,2026-09-25,1450.0,Arabica
Thailand,1,10,2023,2024-10-29,Washed/Wet,7.83,7.92,7.92,7.92,7.92,7.83,10.0,10.0,10.0,0.108,0,0,,0,2025-10-29,1480.0,Arabica
Guatemala,300,30,2025,2025-05-19,Washed/Wet,7.75,8.0,7.67,8.0,7.83,7.92,10.0,10.0,10.0,0.111,0,1,Green,2,2026-05-19,1350.0,Arabica
Taiwan,1,5,2025,2025-07-15,Washed/Wet,7.75,7.83,7.83,7.92,7.58,7.92,10.0,10.0,10.0,0.108,0,0,Green,0,2026-07-15,780.0,Arabica
Taiwan,1,8,2024,2024-10-29,Natural/Dry,7.92,8.08,7.75,7.92,7.67,7.75,10.0,10.0,10.0,0.096,0,0,Green,0,2025-10-29,900.0,Arabica
Taiwan,1,2,2025,2025-09-26,Natural/Dry,7.75,8.0,7.92,7.92,7.67,7.92,10.0,10.0,10.0,0.093,0,0,Green,0,2026-09-26,1200.0,Arabica
Kenya,65,60,2025,2025-03-18,Washed/Wet,8.0,7.83,7.75,7.75,7.75,8.0,10.0,10.0,10.0,0.108,0,0,Green,5,2026-03-18,1950.0,Arabica
Thailand,3,25,2025,2025-08-26,Natural/Dry,7.83,7.92,7.83,7.83,7.83,7.83,10.0,10.0,10.0,0.116,0,0,Green,0,2026-08-26,1250.0,Arabica
Taiwan,1,8,2024,2024-10-29,Natural/Dry,7.83,7.92,7.92,8.0,7.75,7.67,10.0,10.0,10.0,0.106,0,0,Green,0,2025-10-29,1100.0,Arabica
Brazil,1600,96000,2025,2025-09-23,Natural/Dry,7.67,7.75,7.67,8.0,7.92,7.75,10.0,10.0,10.0,0.11,0,0,Green,0,2026-09-23,1100.0,Arabica
Indonesia,1,50,2025,2025-10-13,Natural/Dry,7.92,7.92,7.75,8.17,7.5,7.67,10.0,10.0,10.0,0.116,0,0,Yellow-Green,1,2026-10-13,1400.0,Arabica
Taiwan,1,2,2025,2025-09-26,Honey,7.92,7.92,7.75,7.83,7.83,7.75,10.0,10.0,10.0,0.105,0,1,Green,5,2026-09-26,1100.0,Arabica
Taiwan,1,8,2024,2024-10-29,Washed/Wet,7.92,7.92,7.75,7.83,7.75,7.83,10.0,10.0,10.0,0.108,0,0,Green,0,2025-10-29,230.0,Arabica
Taiwan,1,2,2025,2025-09-26,Washed/Wet,7.83,7.92,7.83,7.83,7.67,7.83,10.0,10.0,10.0,0.114,0,0,Blue-Green,0,2026-09-26,1300.0,Arabica
Colombia,375,70,2025,2025-09-26,Washed/Wet,7.92,7.92,7.83,7.92,7.75,7.75,10.0,10.0,10.0,0.101,0,0,Green,4,2026-09-26,1450.0,Arabica
Guatemala,300,30,2025,2025-05-19,Washed/Wet,7.83,7.92,7.67,7.92,7.75,7.83,10.0,10.0,10.0,0.111,0,0,Green,4,2026-05-19,1550.0,Arabica
Guatemala,115,30,2025,2025-07-02,Washed/Wet,7.83,8.0,7.67,7.75,7.83,7.83,10.0,10.0,10.0,0.112,0,1,Green,4,2026-07-02,1700.0,Arabica
Taiwan,1,8,2024,2024-10-29,Natural/Dry,7.75,7.92,7.75,7.83,7.75,7.75,10.0,10.0,10.0,0.102,0,0,Yellow-Green,0,2025-10-29,950.0,Arabica
Thailand,2,10,2023,2024-10-29,Washed/Wet,7.75,7.83,7.92,7.83,7.75,7.75,10.0,10.0,10.0,0.104,0,0,,0,2025-10-29,1300.0,Arabica
Thailand,4,25,2025,2025-08-26,Natural/Dry,7.75,7.92,7.67,7.83,7.75,7.83,10.0,10.0,10.0,0.119,0,0,Green,0,2026-08-26,1430.0,Arabica
Thailand,20,25,2025,2025-08-26,Washed/Wet,7.67,7.75,7.67,7.92,7.83,7.92,10.0,10.0,10.0,0.115,0,0,Green,0,2026-08-26,1400.0,Arabica
Taiwan,1,8,2024,2024-10-29,Honey,7.75,7.92,7.67,7.83,7.83,7.75,10.0,10.0,10.0,0.118,0,0,Green,0,2025-10-29,130.0,Arabica
Taiwan,1,5,2025,2025-07-15,Honey,8.0,7.92,7.83,7.58,7.5,7.92,10.0,10.0,10.0,0.089,0,1,Yellow-Green,0,2026-07-15,750.0,Arabica
Taiwan,1,8,2024,2024-10-29,Natural/Dry,7.67,8.0,7.75,7.92,7.67,7.83,10.0,10.0,10.0,0.104,0,0,Green,0,2025-10-29,1350.0,Arabica
Kenya,150,60,2025,2025-03-25,Washed/Wet,7.75,7.92,7.83,7.83,7.67,7.83,10.0,10.0,10.0,0.11,0,0,Green,5,2026-03-25,1975.0,Arabica
Ethiopia,320,60,2023,2024-11-27,Washed/Wet,7.83,7.92,7.83,7.83,7.67,7.75,10.0,10.0,10.0,0.105,0,0,Yellow-Green,1,2025-11-27,2000.0,Arabica
Vietnam,30,30,2025,2025-05-08,Washed/Wet,8.08,7.83,7.67,8.0,7.58,7.67,10.0,10.0,10.0,0.12,0,0,Green,0,2026-05-08,1600.0,Arabica
Thailand,1,10,2023,2024-10-29,Natural/Dry,8.0,7.92,7.75,7.67,7.67,7.75,10.0,10.0,10.0,0.103,0,0,Yellow-Green,0,2025-10-29,1500.0,Arabica
Taiwan,1,6,2025,2025-09-12,Natural/Dry,7.83,8.0,7.92,7.67,7.58,7.75,10.0,10.0,10.0,0.101,0,0,Yellow-Green,2,2026-09-12,400.0,Arabica
Thailand,1,10,2024,2024-10-29,Honey,7.75,8.08,7.58,7.83,7.83,7.75,10.0,10.0,10.0,0.133,0,0,Yellow-Green,2,2025-10-29,1150.0,Arabica
Vietnam,1,2,2025,2025-07-14,Natural/Dry,8.17,7.75,7.67,7.75,7.58,7.83,10.0,10.0,10.0,0.119,0,0,Brown,1,2026-07-14,700.0,Arabica
Taiwan,1,8,2023,2024-10-29,Natural/Dry,7.92,7.75,7.83,7.75,7.67,7.83,10.0,10.0,10.0,0.101,0,0,Yellow-Green,0,2025-10-29,880.0,Arabica
Guatemala,600,30,2025,2025-05-02,Washed/Wet,7.67,7.92,7.67,7.92,7.75,7.75,10.0,10.0,10.0,0.104,0,1,Green,1,2026-05-02,1600.0,Arabica
Thailand,1,10,2024,2024-10-29,Honey,7.83,8.0,7.5,7.92,7.67,7.83,10.0,10.0,10.0,0.081,0,0,Green,0,2025-10-29,1100.0,Arabica
Taiwan,1,6,2024,2025-09-12,Natural/Dry,7.92,7.75,7.75,7.75,7.67,7.83,10.0,10.0,10.0,0.111,0,0,Yellow-Green,3,2026-09-12,200.0,Arabica
Thailand,3,25,2025,2025-08-26,Honey,7.75,8.0,7.42,7.92,7.83,7.75,10.0,10.0,10.0,0.107,0,0,Brown,3,2026-08-26,1250.0,Arabica
Thailand,1,10,2020,2024-10-29,Washed/Wet,7.83,7.92,7.67,7.83,7.75,7.75,10.0,10.0,10.0,0.101,0,0,,0,2025-10-29,1500.0,Arabica
Thailand,1,10,2024,2024-11-07,Natural/Dry,8.0,8.0,7.67,7.75,7.67,7.75,10.0,10.0,10.0,0.092,0,0,Green,0,2025-11-07,1400.0,Arabica
Thailand,12,25,2024,2024-10-29,Washed/Wet,7.92,7.67,7.67,7.83,7.75,7.83,10.0,10.0,10.0,0.109,0,0,,0,2025-10-29,1400.0,Arabica
Taiwan,1,2,2025,2025-09-26,Washed/Wet,8.0,7.75,7.75,7.75,7.67,7.75,10.0,10.0,10.0,0.102,0,1,Blue-Green,5,2026-09-26,1100.0,Arabica
Thailand,2,10,2023,2024-11-07,Natural/Dry,7.75,7.92,7.75,7.92,7.58,7.75,10.0,10.0,10.0,0.093,0,0,Yellow-Green,0,2025-11-07,1350.0,Arabica
Thailand,2,1000,2024,2024-10-29,Natural/Dry,8.0,8.0,7.58,7.92,7.58,7.58,10.0,10.0,10.0,0.087,0,0,Yellow,3,2025-10-29,1400.0,Arabica
Thailand,1,30,2025,2025-08-26,Honey,7.83,7.92,7.83,7.92,7.83,7.83,9.33,10.0,10.0,0.133,0,0,Green,0,2026-08-26,850.0,Arabica
Taiwan,1,6,2024,2025-09-12,Honey,7.67,7.83,7.75,7.83,7.75,7.75,10.0,10.0,10.0,0.118,0,0,Blue-Green,0,2026-09-12,220.0,Arabica
Thailand,1,10,2024,2024-10-29,Honey,8.0,8.0,7.58,7.83,7.75,7.58,10.0,10.0,10.0,0.102,0,0,Green,1,2025-10-29,1250.0,Arabica
Guatemala,250,35,2025,2025-06-02,Washed/Wet,7.75,8.0,7.58,7.83,7.75,7.75,10.0,10.0,10.0,0.106,0,3,Green,6,2026-06-02,1500.0,Arabica
Brazil,1600,96000,2025,2025-09-29,Natural/Dry,7.75,7.75,7.67,7.75,7.75,7.75,10.0,10.0,10.0,0.115,0,0,Green,2,2026-09-29,1100.0,Arabica
Indonesia,1,2,2024,2024-12-27,Honey,7.92,7.92,7.5,8.08,7.58,7.58,10.0,10.0,10.0,0.119,0,0,Yellow,1,2025-12-27,1300.0,Arabica
Taiwan,1,6,2025,2025-09-12,Honey,7.75,7.75,7.75,7.75,7.75,7.83,10.0,10.0,10.0,0.093,0,0,Green,2,2026-09-12,300.0,Arabica
Thailand,2,25,2024,2024-10-29,Washed/Wet,8.0,8.17,8.08,8.08,7.92,8.0,8.0,10.0,10.0,0.099,0,0,Green,0,2025-10-29,1200.0,Arabica
Taiwan,1,5,2025,2025-03-19,Natural/Dry,7.92,7.92,7.83,7.58,7.75,7.67,10.0,10.0,10.0,0.102,0,0,Yellow-Green,2,2026-03-19,400.0,Arabica
Colombia,600,30,2024,2024-12-05,Washed/Wet,7.83,7.75,7.67,7.92,7.83,7.67,10.0,10.0,10.0,0.111,0,2,Green,3,2025-12-05,1700.0,Arabica
Brazil,1280,76800,2025,2025-09-22,Natural/Dry,7.83,7.83,7.5,7.75,7.75,7.75,10.0,10.0,10.0,0.11,0,0,Green,2,2026-09-22,1100.0,Arabica
Taiwan,1,2,2025,2025-09-26,Washed/Wet,7.83,7.67,7.75,7.83,7.67,7.83,10.0,10.0,10.0,0.09,0,0,Blue-Green,0,2026-09-26,1300.0,Arabica
Taiwan,1,5,2025,2025-07-15,Washed/Wet,8.17,7.92,8.0,7.75,7.75,7.42,10.0,10.0,10.0,0.106,0,0,Green,0,2026-07-15,700.0,Arabica
Taiwan,1,5,2025,2025-07-15,Washed/Wet,7.92,7.83,7.75,7.67,7.75,7.75,10.0,10.0,10.0,0.084,0,1,Green,0,2026-07-15,680.0,Arabica
Taiwan,1,8,2024,2024-10-29,Natural/Dry,7.83,7.83,7.67,7.83,7.58,7.75,10.0,10.0,10.0,0.102,0,0,Green,0,2025-10-29,1200.0,Arabica
Taiwan,1,2,2025,2025-09-18,Washed/Wet,7.75,7.75,7.75,7.75,7.75,7.75,10.0,10.0,10.0,0.103,0,0,Blue-Green,0,2026-09-18,1200.0,Arabica
Taiwan,1,5,2025,2025-07-15,Natural/Dry,7.67,7.83,7.75,7.67,7.67,7.75,10.0,10.0,10.0,0.084,0,0,Green,0,2026-07-15,700.0,Arabica
Taiwan,1,8,2025,2025-03-19,Washed/Wet,7.67,7.75,7.75,7.83,7.58,7.75,10.0,10.0,10.0,0.113,0,0,Blue-Green,0,2026-03-19,580.0,Arabica
Kenya,300,60,2025,2025-07-28,Washed/Wet,7.83,7.58,7.67,8.0,7.58,7.5,10.0,10.0,10.0,0.11,0,0,Green,1,2026-07-28,3000.0,Arabica
Taiwan,1,2,2025,2025-09-26,Washed/Wet,7.92,7.75,7.58,7.67,7.42,7.75,10.0,10.0,10.0,0.093,0,0,Blue-Green,0,2026-09-26,1250.0,Arabica
Brazil,1600,96000,2025,2025-09-22,Natural/Dry,7.67,7.67,7.58,7.75,7.75,7.67,10.0,10.0,10.0,0.116,0,1,Green,5,2026-09-22,1100.0,Arabica
Japan,20,1,2025,2025-09-26,Natural/Dry,7.58,7.67,7.75,7.58,7.75,7.75,10.0,10.0,10.0,0.106,0,0,Green,0,2026-09-26,89.0,Arabica
Taiwan,1,2,2025,2025-09-26,Honey,7.67,7.75,7.67,7.67,7.75,7.67,10.0,10.0,10.0,0.105,0,0,Green,2,2026-09-26,1100.0,Arabica
Taiwan,1,2,2025,2025-09-18,Washed/Wet,7.75,7.75,7.75,7.67,7.5,7.67,10.0,10.0,10.0,0.112,0,0,Blue-Green,14,2026-09-18,1050.0,Arabica
Guatemala,600,30,2025,2025-04-23,Washed/Wet,7.67,7.75,7.5,7.83,7.67,7.67,10.0,10.0,10.0,0.105,0,1,Green,12,2026-04-23,1500.0,Arabica
Japan,1,20,2024,2025-07-15,Washed/Wet,7.67,7.67,7.75,7.75,7.58,7.67,10.0,10.0,10.0,0.101,0,0,Green,0,2026-07-15,103.0,Arabica
Thailand,350,40,2024,2024-11-07,Washed/Wet,7.92,7.67,7.67,7.5,7.58,7.67,10.0,10.0,10.0,0.1,0,0,Green,0,2025-11-07,1100.0,Arabica
Taiwan,1,2,2025,2025-09-26,Natural/Dry,7.67,7.75,7.67,7.67,7.58,7.67,10.0,10.0,10.0,0.105,0,0,Green,0,2026-09-26,1200.0,Arabica
Kenya,320,60,2024,2024-12-12,Washed/Wet,8.0,7.67,7.58,7.5,7.58,7.58,10.0,10.0,10.0,0.11,0,0,Green,5,2025-12-12,1950.0,Arabica
Taiwan,1,6,2024,2025-09-12,Honey,7.58,7.67,7.75,7.75,7.67,7.67,10.0,10.0,10.0,0.111,0,0,Green,0,2026-09-12,230.0,Arabica
Kenya,960,60,2024,2024-12-12,Washed/Wet,8.0,7.67,7.42,7.5,7.67,7.67,10.0,10.0,10.0,0.11,0,0,Green,5,2025-12-12,1950.0,Arabica
Taiwan,1,2,2025,2025-09-18,Washed/Wet,7.83,7.75,7.58,7.75,7.5,7.67,10.0,10.0,10.0,0.152,1,0,Green,10,2026-09-18,200.0,Arabica
Vietnam,334,30,2024,2024-11-08,Washed/Wet,7.83,7.92,7.58,7.67,7.42,7.58,10.0,10.0,10.0,0.119,0,0,Green,0,2025-11-08,1600.0,Arabica
"Tanzania, United Republic Of",320,60,2025,2025-04-01,Washed/Wet,7.67,7.58,7.58,7.75,7.67,7.67,10.0,10.0,10.0,0.119,0,0,Green,24,2026-04-01,1500.0,Arabica
Indonesia,1,2,2024,2024-12-27,Washed/Wet,7.75,7.75,7.42,7.75,7.83,7.83,9.33,10.0,10.0,0.136,0,1,Green,4,2025-12-27,1275.0,Arabica
Indonesia,1,2,2024,2024-12-27,Washed/Wet,7.58,7.58,7.83,7.58,7.58,7.67,10.0,10.0,10.0,0.126,0,3,Green,0,2025-12-27,1000.0,Arabica
Ethiopia,320,60,2025,2025-08-20,Washed/Wet,7.75,7.75,7.58,7.75,7.5,7.5,10.0,10.0,10.0,0.09,0,0,Green,1,2026-08-20,1850.0,Arabica
Indonesia,1,2,2024,2024-12-27,Washed/Wet,7.58,7.75,7.67,7.58,7.67,7.5,10.0,10.0,10.0,0.131,0,4,Green,6,2025-12-27,1425.0,Arabica
Indonesia,1,50,2025,2025-10-13,Washed/Wet,7.67,7.67,7.5,7.92,7.42,7.67,10.0,10.0,10.0,0.108,0,0,Blue-Green,0,2026-10-13,1400.0,Arabica
Taiwan,1,15,2025,2025-09-18,Washed/Wet,7.67,7.67,7.58,7.67,7.58,7.67,10.0,10.0,10.0,0.114,0,0,Green,0,2026-09-18,1400.0,Arabica
Taiwan,1,15,2025,2025-09-18,Washed/Wet,7.83,7.75,7.58,7.58,7.58,7.58,10.0,10.0,10.0,0.105,0,0,Green,0,2026-09-18,1400.0,Arabica
Taiwan,1,2,2024,2025-09-26,Natural/Dry,7.75,7.67,7.58,7.67,7.58,7.58,10.0,10.0,10.0,0.1,0,0,Green,0,2026-09-26,400.0,Arabica
Honduras,550,69,2025,2025-02-14,Washed/Wet,7.75,7.67,7.58,7.58,7.58,7.58,10.0,10.0,10.0,0.113,0,2,Green,5,2026-02-14,1200.0,Arabica
Colombia,600,30,2025,2025-09-03,Washed/Wet,7.67,7.75,7.58,7.5,7.58,7.67,10.0,10.0,10.0,0.115,0,0,Green,3,2026-09-03,1500.0,Arabica
Taiwan,1,2,2024,2025-09-26,Natural/Dry,7.75,7.67,7.58,7.58,7.58,7.58,10.0,10.0,10.0,0.101,0,0,Yellow-Green,0,2026-09-26,400.0,Arabica
Papua New Guinea,600,30,2025,2025-07-23,Washed/Wet,7.67,7.75,7.5,7.75,7.5,7.5,10.0,10.0,10.0,0.106,0,3,Green,5,2026-07-23,1850.0,Arabica
Indonesia,1,2,2024,2024-12-27,Washed/Wet,7.67,7.75,7.5,7.58,7.67,7.58,10.0,10.0,10.0,0.12,0,7,Green,5,2025-12-27,1200.0,Arabica
"Tanzania, United Republic Of",600,30,2026,2025-09-26,Washed/Wet,7.75,7.5,7.5,7.75,7.75,7.5,10.0,10.0,10.0,0.11,0,0,Green,0,2026-09-26,1400.0,Arabica
Taiwan,1,2,2025,2025-09-26,Natural/Dry,7.75,7.67,7.67,7.5,7.58,7.58,10.0,10.0,10.0,0.095,0,0,Yellow,0,2026-09-26,1250.0,Arabica
Taiwan,1,2,2025,2025-09-26,Washed/Wet,7.67,7.67,7.67,7.58,7.58,7.58,10.0,10.0,10.0,0.101,0,0,Green,3,2026-09-26,1100.0,Arabica
Colombia,600,30,2025,2025-10-07,Washed/Wet,7.75,7.58,7.58,7.67,7.58,7.58,10.0,10.0,10.0,0.11,0,0,Green,2,2026-10-07,1959.0,Arabica
Vietnam,4000,1,2025,2025-08-18,Natural/Dry,7.83,7.58,7.67,7.58,7.58,7.42,10.0,10.0,10.0,0.11,0,0,Green,0,2026-08-18,1650.0,Arabica
Brazil,1600,96000,2025,2025-09-22,Natural/Dry,7.5,7.58,7.5,7.67,7.67,7.5,10.0,10.0,10.0,0.115,0,1,Green,5,2026-09-22,1100.0,Arabica
Colombia,530,35,2025,2025-08-21,Washed/Wet,7.75,7.75,7.42,7.75,7.58,7.58,10.0,10.0,10.0,0.107,0,0,Green,2,2026-08-21,1700.0,Arabica
Vietnam,8,60,2025,2025-09-29,Washed/Wet,7.92,7.67,7.42,7.5,7.58,7.5,10.0,10.0,10.0,0.127,0,0,Green,0,2026-09-29,850.0,Arabica
Indonesia,1,2,2025,2025-05-29,Washed/Wet,7.5,7.58,7.5,7.67,7.58,7.75,10.0,10.0,10.0,0.13,0,0,Green,5,2026-05-29,1590.0,Arabica
Taiwan,1,2,2025,2025-09-26,Natural/Dry,7.75,7.58,7.58,7.67,7.5,7.5,10.0,10.0,10.0,0.096,0,0,Green,1,2026-09-26,100.0,Arabica
Taiwan,1,20,2021,2025-09-18,Washed/Wet,7.67,7.67,7.67,7.58,7.42,7.5,10.0,10.0,10.0,0.105,0,0,Green,0,2026-09-18,1350.0,Arabica
Taiwan,1,2,2025,2025-09-26,Honey,7.58,7.58,7.58,7.67,7.5,7.58,10.0,10.0,10.0,0.101,0,0,Green,0,2026-09-26,1200.0,Arabica
Colombia,770,25,2024,2024-11-08,Washed/Wet,7.75,7.5,7.33,7.67,7.75,7.58,10.0,10.0,10.0,0.11,0,2,Green,4,2025-11-08,1800.0,Arabica
Ethiopia,320,60,2023,2024-11-27,Natural/Dry,7.67,7.67,7.5,7.67,7.42,7.5,10.0,10.0,10.0,0.104,0,0,Yellow,0,2025-11-27,1943.5,Arabica
Taiwan,1,2,2024,2025-09-26,Washed/Wet,7.58,7.58,7.58,7.58,7.58,7.5,10.0,10.0,10.0,0.119,0,0,Green,0,2026-09-26,100.0,Arabica
Colombia,375,70,2025,2025-09-04,Washed/Wet,7.67,7.58,7.5,7.5,7.5,7.58,10.0,10.0,10.0,0.109,0,0,Green,3,2026-09-04,1590.0,Arabica
Taiwan,1,2,2025,2025-09-26,Honey,7.67,7.58,7.58,7.5,7.5,7.58,10.0,10.0,10.0,0.09,0,0,Blue-Green,1,2026-09-26,300.0,Arabica
Uganda,320,60,2025,2025-04-17,Washed/Wet,7.75,7.67,7.5,7.33,7.58,7.58,10.0,10.0,10.0,0.115,0,0,Green,5,2026-04-17,1700.0,Arabica
Colombia,770,25,2025,2025-06-02,Washed/Wet,7.58,7.5,7.5,7.75,7.42,7.5,10.0,10.0,10.0,0.118,1,0,Green,2,2026-06-02,1800.0,Arabica
Thailand,1,20,2020,2024-11-07,Natural/Dry,7.67,7.67,7.42,7.42,7.58,7.5,10.0,10.0,10.0,0.107,0,0,Blue-Green,0,2025-11-07,1250.0,Arabica
Nicaragua,600,30,2025,2025-08-11,Washed/Wet,7.67,7.58,7.42,7.5,7.58,7.5,10.0,10.0,10.0,0.108,0,1,Green,2,2026-08-11,1100.0,Arabica
Indonesia,1,2,2021,2025-05-29,Washed/Wet,7.5,7.67,7.33,7.58,7.58,7.58,10.0,10.0,10.0,0.131,0,2,Green,3,2026-05-29,1550.0,Arabica
Ethiopia,302,60,2025,2025-09-10,Washed/Wet,7.75,7.75,7.33,7.58,7.42,7.5,10.0,10.0,10.0,0.113,0,19,Blue-Green,5,2026-09-10,1800.0,Arabica
Indonesia,1,2,2024,2024-12-27,Washed/Wet,7.5,7.5,7.42,7.67,7.58,7.58,10.0,10.0,10.0,0.12,0,2,Green,5,2025-12-27,1100.0,Arabica
Thailand,2,10,2024,2024-11-07,Natural/Dry,7.58,7.5,7.5,7.58,7.58,7.5,10.0,10.0,10.0,0.101,0,0,Yellow,1,2025-11-07,1400.0,Arabica
Indonesia,1,2,2025,2025-05-29,Washed/Wet,7.58,7.67,7.42,7.58,7.33,7.5,10.0,10.0,10.0,0.13,0,0,Green,4,2026-05-29,1600.0,Arabica
Taiwan,1,2,2025,2025-09-26,Honey,7.58,7.5,7.58,7.5,7.58,7.5,10.0,10.0,10.0,0.12,0,0,Yellow,4,2026-09-26,1100.0,Arabica
Indonesia,1,2,2024,2024-12-27,Natural/Dry,7.75,7.58,7.33,7.58,7.67,7.25,10.0,10.0,10.0,0.119,3,1,Yellow,5,2025-12-27,1250.0,Arabica
Guatemala,275,69,2024,2025-01-02,Washed/Wet,7.67,7.58,7.58,7.5,7.42,7.5,10.0,10.0,10.0,0.114,0,0,Yellow,0,2026-01-02,1600.0,Arabica
Taiwan,1,2,2025,2025-09-26,Washed/Wet,7.58,7.5,7.42,7.5,7.58,7.58,10.0,10.0,10.0,0.103,0,0,Yellow-Green,3,2026-09-26,1100.0,Arabica
El Salvador,600,30,2025,2025-04-30,Washed/Wet,7.75,7.58,7.33,7.58,7.58,7.33,10.0,10.0,10.0,0.116,0,0,Blue-Green,2,2026-04-30,1200.0,Arabica
Colombia,530,35,2025,2025-07-23,Washed/Wet,7.67,7.58,7.33,7.5,7.58,7.42,10.0,10.0,10.0,0.111,0,0,Green,3,2026-07-23,1700.0,Arabica
Nicaragua,300,30,2024,2025-03-07,Washed/Wet,7.58,7.5,7.5,7.5,7.5,7.5,10.0,10.0,10.0,0.114,0,0,Green,1,2026-03-07,1800.0,Arabica
Colombia,600,30,2025,2025-05-08,Washed/Wet,7.75,7.67,7.33,7.5,7.42,7.58,10.0,10.0,10.0,0.12,0,0,Green,1,2026-05-08,1700.0,Arabica
Colombia,275,70,2024,2025-02-07,Washed/Wet,7.67,7.58,7.5,7.58,7.33,7.5,10.0,10.0,10.0,0.118,0,1,Green,2,2026-02-07,1800.0,Arabica
Taiwan,1,2,2025,2025-09-18,Honey,7.75,7.5,7.5,7.58,7.33,7.5,10.0,10.0,10.0,0.118,0,0,Green,8,2026-09-18,100.0,Arabica
Taiwan,1,6,2025,2025-09-17,Washed/Wet,7.58,7.58,7.42,7.5,7.5,7.5,10.0,10.0,10.0,0.113,0,1,Green,1,2026-09-17,250.0,Arabica
Indonesia,3,50,2024,2025-02-05,Washed/Wet,7.5,7.58,7.58,7.42,7.58,7.42,10.0,10.0,10.0,0.119,0,3,Green,3,2026-02-05,2000.0,Arabica
Kenya,59,60,2025,2025-03-25,Washed/Wet,8.0,8.0,8.0,8.0,7.92,8.0,10.0,10.0,6.67,0.11,0,0,Green,3,2026-03-25,1620.0,Arabica
Taiwan,1,2,2025,2025-09-26,Natural/Dry,7.58,7.67,7.5,7.5,7.5,7.42,10.0,10.0,10.0,0.101,0,0,Green,0,2026-09-26,1350.0,Arabica
Costa Rica,1,1,2025,2025-02-20,Honey,7.58,7.58,7.5,7.42,7.5,7.5,10.0,10.0,10.0,0.105,0,9,Yellow,1,2026-02-20,1220.0,Arabica
Ethiopia,320,60,2024,2024-11-25,Washed/Wet,7.58,7.5,7.58,7.42,7.5,7.5,10.0,10.0,10.0,0.123,0,0,Green,0,2025-11-25,1850.0,Arabica
Taiwan,1,2,2025,2025-09-26,Honey,7.58,7.58,7.58,7.5,7.42,7.42,10.0,10.0,10.0,0.102,0,0,Green,1,2026-09-26,1100.0,Arabica
Taiwan,1,6,2025,2025-09-12,Honey,7.67,7.58,7.42,7.5,7.42,7.42,10.0,10.0,10.0,0.096,0,0,Green,1,2026-09-12,380.0,Arabica
Indonesia,1,2,2024,2024-12-27,Natural/Dry,7.75,7.67,7.5,7.58,7.58,7.5,9.33,10.0,10.0,0.123,0,1,Green,0,2025-12-27,1275.0,Arabica
Guatemala,275,69,2024,2025-01-02,Washed/Wet,7.5,7.58,7.42,7.5,7.5,7.5,10.0,10.0,10.0,0.116,0,0,Yellow-Green,0,2026-01-02,396.24,Arabica
Mexico,600,18000,2025,2025-05-19,Washed/Wet,7.5,7.5,7.33,7.58,7.58,7.5,10.0,10.0,10.0,0.112,0,0,Green,2,2026-05-19,985.0,Arabica
Papua New Guinea,300,60,2023,2024-11-27,Washed/Wet,7.42,7.58,7.5,7.58,7.42,7.42,10.0,10.0,10.0,0.114,2,0,Green,12,2025-11-27,1800.0,Arabica
Taiwan,1,2,2025,2025-09-26,Honey,7.5,7.5,7.5,7.42,7.58,7.5,10.0,10.0,10.0,0.111,0,1,Yellow-Green,2,2026-09-26,1100.0,Arabica
Guatemala,115,30,2025,2025-06-26,Washed/Wet,7.75,7.83,7.67,7.83,7.83,7.75,9.33,9.33,10.0,0.114,0,4,Green,9,2026-06-26,1700.0,Arabica
Colombia,375,70,2025,2025-10-13,Washed/Wet,7.58,7.67,7.33,7.5,7.42,7.42,10.0,10.0,10.0,0.099,0,0,Green,4,2026-10-13,1450.0,Arabica
Taiwan,1,2,2025,2025-09-26,Natural/Dry,7.58,7.5,7.5,7.5,7.42,7.42,10.0,10.0,10.0,0.121,0,1,Yellow,9,2026-09-26,1100.0,Arabica
Taiwan,1,2,2025,2025-09-26,Honey,7.5,7.42,7.42,7.5,7.58,7.5,10.0,10.0,10.0,0.095,0,0,Green,2,2026-09-26,1100.0,Arabica
Taiwan,1,2,2024,2025-09-26,Natural/Dry,7.67,7.42,7.42,7.58,7.42,7.42,10.0,10.0,10.0,0.117,0,0,Green,0,2026-09-26,400.0,Arabica
Indonesia,1,2,2024,2024-12-27,Washed/Wet,7.42,7.58,7.5,7.5,7.42,7.5,10.0,10.0,10.0,0.129,0,3,Green,0,2025-12-27,1000.0,Arabica
Indonesia,1,2,2024,2024-12-27,Washed/Wet,7.83,7.67,7.67,7.58,7.58,7.67,8.67,10.0,10.0,0.123,0,3,Green,1,2025-12-27,1000.0,Arabica
Sri Lanka,20,600,2025,2025-06-02,Natural/Dry,7.58,7.42,7.42,7.5,7.42,7.42,10.0,10.0,10.0,0.105,0,0,Green,1,2026-06-02,1150.0,Arabica
Indonesia,1,2,2024,2024-12-27,Washed/Wet,7.5,7.33,7.33,7.58,7.5,7.42,10.0,10.0,10.0,0.116,0,2,Blue-Green,6,2025-12-27,1000.0,Arabica
Vietnam,1,2,2025,2025-03-05,Washed/Wet,7.5,7.42,7.33,7.5,7.42,7.5,10.0,10.0,10.0,0.116,0,0,Green,1,2026-03-05,1000.0,Arabica
Taiwan,1,2,2025,2025-09-26,Honey,7.58,7.58,7.33,7.5,7.33,7.42,10.0,10.0,10.0,0.111,0,0,Yellow,0,2026-09-26,1200.0,Arabica
Indonesia,1,2,2025,2025-06-25,Washed/Wet,7.58,7.58,7.33,7.42,7.33,7.5,10.0,10.0,10.0,0.144,0,1,Green,5,2026-06-25,1680.0,Arabica
Indonesia,1,50,2024,2025-02-05,Natural/Dry,7.67,7.5,7.33,7.5,7.33,7.42,10.0,10.0,10.0,0.122,0,2,Green,2,2026-02-05,1600.0,Arabica
Indonesia,4,50,2024,2025-02-04,Natural/Dry,7.42,7.58,7.33,7.58,7.5,7.33,10.0,10.0,10.0,0.122,0,0,Yellow,5,2026-02-04,1180.0,Arabica
Taiwan,1,6,2024,2025-09-12,Washed/Wet,7.58,7.42,7.33,7.33,7.42,7.5,10.0,10.0,10.0,0.129,0,0,Blue-Green,0,2026-09-12,230.0,Arabica
Indonesia,1,2,2024,2024-12-27,Washed/Wet,7.42,7.67,7.42,7.33,7.5,7.42,10.0,10.0,10.0,0.122,0,9,Green,4,2025-12-27,1250.0,Arabica
Colombia,375,70,2021,2025-05-27,Washed/Wet,7.5,7.5,7.33,7.42,7.42,7.42,10.0,10.0,10.0,0.102,5,18,Green,16,2026-05-27,1450.0,Arabica
Indonesia,1,2,2024,2024-12-27,Washed/Wet,7.58,7.58,7.33,7.75,7.58,7.42,9.33,10.0,10.0,0.119,0,0,Green,1,2025-12-27,1250.0,Arabica
Vietnam,1,60,2025,2025-05-19,Natural/Dry,7.67,7.58,7.17,7.58,7.42,7.25,10.0,10.0,10.0,0.125,0,1,Green,1,2026-05-19,1550.0,Arabica
Vietnam,1,2,2026,2025-04-07,Natural/Dry,7.42,7.5,7.33,7.5,7.33,7.5,10.0,10.0,10.0,0.12,0,0,Green,1,2026-04-07,1450.0,Arabica
Panama,250,30,2025,2025-05-08,Washed/Wet,7.5,7.42,7.42,7.42,7.58,7.33,10.0,10.0,10.0,0.105,0,2,Green,1,2026-05-08,1500.0,Arabica
Taiwan,1,2,2025,2025-09-26,Natural/Dry,7.67,7.5,7.42,7.25,7.5,7.25,10.0,10.0,10.0,0.105,10,0,Brown,2,2026-09-26,1100.0,Arabica
Vietnam,1,2,2025,2025-03-05,Honey,7.5,7.42,7.33,7.5,7.33,7.33,10.0,10.0,10.0,0.111,0,0,Green,0,2026-03-05,1000.0,Arabica
Colombia,375,70,2025,2025-05-30,Washed/Wet,7.42,7.25,7.42,7.5,7.42,7.42,10.0,10.0,10.0,0.114,0,0,Green,2,2026-05-30,1450.0,Arabica
Colombia,375,70,2025,2025-09-26,Washed/Wet,7.5,7.42,7.17,7.5,7.5,7.42,10.0,10.0,10.0,0.111,0,0,Green,3,2026-09-26,1450.0,Arabica
Thailand,10,100,2025,2025-09-23,Washed/Wet,7.5,7.5,7.25,7.42,7.58,7.25,10.0,10.0,10.0,0.1,0,0,Green,1,2026-09-23,1300.0,Arabica
Taiwan,1,2,2025,2025-09-26,Washed/Wet,7.5,7.42,7.33,7.33,7.42,7.42,10.0,10.0,10.0,0.113,0,0,Green,2,2026-09-26,1200.0,Arabica
Taiwan,1,2,2024,2025-09-26,Natural/Dry,7.58,7.42,7.33,7.33,7.42,7.33,10.0,10.0,10.0,0.113,0,0,Green,0,2026-09-26,450.0,Arabica
Taiwan,1,2,2025,2025-09-26,Natural/Dry,7.42,7.5,7.5,7.25,7.33,7.33,10.0,10.0,10.0,0.112,0,1,Green,4,2026-09-26,1100.0,Arabica
Taiwan,1,2,2025,2025-09-26,Washed/Wet,7.42,7.42,7.33,7.5,7.33,7.33,10.0,10.0,10.0,0.09,0,0,Blue-Green,0,2026-09-26,400.0,Arabica
Indonesia,1,2,2024,2024-12-27,Natural/Dry,7.42,7.33,7.25,7.33,7.5,7.42,10.0,10.0,10.0,0.103,25,3,Brown,1,2025-12-27,1050.0,Arabica
Indonesia,1,2,2024,2024-12-27,Washed/Wet,7.42,7.42,7.33,7.42,7.42,7.42,10.0,10.0,10.0,0.123,0,7,Green,2,2025-12-27,1000.0,Arabica
Indonesia,1,50,2024,2025-02-04,Honey,7.5,7.42,7.17,7.67,7.25,7.33,10.0,10.0,10.0,0.122,0,0,Green,2,2026-02-04,1750.0,Arabica
Taiwan,1,50,2025,2025-09-18,Honey,7.42,7.33,7.25,7.5,7.33,7.42,10.0,10.0,10.0,0.112,0,0,Green,0,2026-09-18,1200.0,Arabica
Taiwan,1,2,2025,2025-09-26,Washed/Wet,7.42,7.33,7.33,7.42,7.42,7.33,10.0,10.0,10.0,0.104,0,0,Green,5,2026-09-26,1100.0,Arabica
Mexico,1,2,2025,2025-05-08,Natural/Dry,7.5,7.33,7.17,7.42,7.42,7.33,10.0,10.0,10.0,0.094,0,23,Yellow,11,2026-05-08,1133.0,Arabica
Brazil,360,60,2025,2025-04-02,Natural/Dry,7.25,7.42,7.17,7.25,7.67,7.42,10.0,10.0,10.0,0.107,0,3,Green,6,2026-04-02,1000.0,Arabica
Peru,275,69,2026,2025-10-20,Washed/Wet,7.58,7.33,7.17,7.5,7.33,7.25,10.0,10.0,10.0,0.113,0,0,Green,2,2026-10-20,1600.0,Arabica
Nicaragua,275,69,2025,2025-05-19,Washed/Wet,7.25,7.33,7.17,7.5,7.5,7.33,10.0,10.0,10.0,0.103,0,1,Green,1,2026-05-19,1350.0,Arabica
Vietnam,1,2,2025,2025-03-05,Honey,7.5,7.33,7.25,7.33,7.42,7.25,10.0,10.0,10.0,0.108,0,0,Green,2,2026-03-05,1000.0,Arabica
Taiwan,1,2,2025,2025-09-26,Washed/Wet,7.17,7.42,7.33,7.33,7.5,7.33,10.0,10.0,10.0,0.105,0,0,Green,4,2026-09-26,1100.0,Arabica
Indonesia,1,2,2024,2024-12-27,Honey,7.33,7.5,7.25,7.33,7.25,7.33,10.0,10.0,10.0,0.13,0,5,Green,5,2025-12-27,1000.0,Arabica
Taiwan,1,2,2025,2025-09-26,Natural/Dry,7.5,7.33,7.42,7.25,7.33,7.17,10.0,10.0,10.0,0.094,0,0,Brown,4,2026-09-26,1100.0,Arabica
Colombia,285,70,2025,2024-11-23,Washed/Wet,7.5,7.17,6.92,7.0,7.25,8.17,10.0,10.0,10.0,0.121,0,0,Green,1,2025-11-23,1700.0,Arabica
Taiwan,1,6,2025,2024-12-16,Natural/Dry,7.42,7.33,7.25,7.42,7.25,7.25,10.0,10.0,10.0,0.145,0,0,Green,5,2025-12-16,750.0,Arabica
Colombia,375,70,2025,2025-08-21,Washed/Wet,7.33,7.33,7.08,7.42,7.42,7.25,10.0,10.0,10.0,0.109,1,14,Green,4,2026-08-21,1590.0,Arabica
Indonesia,1,2,2024,2024-12-27,Washed/Wet,7.25,7.42,7.25,7.42,7.33,7.25,10.0,10.0,10.0,0.123,0,3,Green,3,2025-12-27,1500.0,Arabica
Taiwan,1,6,2024,2025-09-12,Honey,7.33,7.25,7.33,7.25,7.33,7.33,10.0,10.0,10.0,0.112,0,0,Brown,4,2026-09-12,250.0,Arabica
Taiwan,1,6,2024,2025-09-12,Washed/Wet,7.42,7.42,7.17,7.42,7.33,7.25,10.0,10.0,10.0,0.103,0,0,Blue-Green,0,2026-09-12,300.0,Arabica
Brazil,2,60,2024,2024-11-07,Natural/Dry,7.17,7.42,7.25,7.33,7.25,7.33,10.0,10.0,10.0,0.103,0,1,Green,1,2025-11-07,1050.0,Arabica
Taiwan,1,2,2025,2025-09-26,Washed/Wet,7.33,7.25,7.42,7.25,7.25,7.25,10.0,10.0,10.0,0.098,0,0,Green,0,2026-09-26,1000.0,Arabica
Taiwan,1,2,2025,2025-09-26,Honey,7.25,7.33,7.33,7.25,7.25,7.25,10.0,10.0,10.0,0.102,0,0,Blue-Green,1,2026-09-26,400.0,Arabica
El Salvador,275,69,2025,2025-05-02,Washed/Wet,7.5,7.25,7.25,7.17,7.33,7.33,10.0,10.0,10.0,0.118,0,1,Green,1,2026-05-02,1325.0,Arabica
Taiwan,1,2,2025,2025-09-26,Natural/Dry,7.25,7.25,7.17,7.33,7.33,7.33,10.0,10.0,10.0,0.116,0,1,Yellow-Green,4,2026-09-26,1100.0,Arabica
Taiwan,1,2,2025,2025-09-26,Natural/Dry,7.33,7.33,7.33,7.17,7.25,7.25,10.0,10.0,10.0,0.104,0,0,Green,0,2026-09-26,400.0,Arabica
Thailand,1,3,2025,2025-09-29,Natural/Dry,7.08,7.25,7.25,7.25,7.5,7.17,10.0,10.0,10.0,0.103,1,0,Green,7,2026-09-29,1175.0,Arabica
Jamaica,1,2,2025,2025-02-14,Washed/Wet,7.25,7.17,7.08,7.25,7.33,7.25,10.0,10.0,10.0,0.113,0,2,Blue-Green,1,2026-02-14,1600.0,Arabica
Indonesia,1,2,2024,2024-12-27,Washed/Wet,7.42,7.25,7.08,7.17,7.33,7.17,10.0,10.0,10.0,0.12,0,0,Blue-Green,5,2025-12-27,1200.0,Arabica
Vietnam,83,60,2025,2025-04-19,Honey,7.25,7.17,7.25,7.08,7.25,7.25,10.0,10.0,10.0,0.12,0,1,Green,0,2026-04-19,1500.0,Arabica
Vietnam,1,2,2025,2025-03-05,Washed/Wet,7.25,7.25,7.17,7.25,7.17,7.17,10.0,10.0,10.0,0.112,0,0,Yellow-Green,2,2026-03-05,1000.0,Arabica
Uganda,5,60,2023,2024-11-20,Honey,7.33,7.25,7.33,7.25,7.08,7.0,10.0,10.0,10.0,0.103,0,0,Green,1,2025-11-20,1800.0,Arabica
Colombia,600,30,2025,2024-11-23,Washed/Wet,8.0,7.67,7.75,8.0,7.75,7.58,10.0,8.67,10.0,0.122,0,0,Green,1,2025-11-23,1959.0,Arabica
Vietnam,2,1,2024,2024-12-03,Honey,7.25,7.33,7.17,7.25,7.08,7.08,10.0,10.0,10.0,0.119,0,0,Green,0,2025-12-03,1500.0,Arabica
Brazil,640,60,2024,2025-01-02,Natural/Dry,7.58,7.5,7.5,7.42,7.33,7.33,8.0,10.0,10.0,0.094,0,0,Yellow-Green,0,2026-01-02,1025.0,Arabica
Vietnam,1,1,2025,2025-04-08,Honey,7.08,7.08,7.17,7.17,7.25,7.08,10.0,10.0,10.0,0.092,0,0,Green,4,2026-04-08,5400.0,Arabica
Brazil,2,60,2024,2024-11-20,Natural/Dry,7.17,7.0,7.08,7.25,7.08,7.08,10.0,10.0,10.0,0.108,0,0,Yellow,0,2025-11-20,1000.0,Arabica
Colombia,375,70,2025,2025-06-02,Washed/Wet,7.58,7.42,7.33,7.42,7.5,7.42,8.67,8.67,8.67,0.106,0,0,Green,4,2026-06-02,1450.0,Arabica
Brazil,1600,96000,2025,2025-09-22,Natural/Dry,7.67,7.67,7.58,7.67,7.67,7.58,8.0,8.0,9.33,0.11,0,0,Green,1,2026-09-22,1100.0,Arabica
Indonesia,1,2,2024,2024-12-27,Washed/Wet,7.33,7.08,7.08,7.33,7.17,7.25,8.67,8.67,10.0,0.122,0,6,Green,0,2025-12-27,1200.0,Arabica
Vietnam,6,60,2025,2025-08-07,Natural/Dry,8.67,8.58,8.42,8.42,8.33,8.5,10.0,10.0,8.5,0.119,0,0,Yellow,0,2026-08-07,560.0,Robusta
Vietnam,21,60,2025,2025-05-19,Natural/Dry,8.58,8.5,8.42,8.42,8.33,8.42,10.0,10.0,8.42,0.106,0,1,Blue-Green,1,2026-05-19,800.0,Robusta
Thailand,20,8,2025,2025-08-26,Natural/Dry,8.5,8.25,8.33,8.5,8.17,8.25,10.0,10.0,8.17,0.137,0,0,Yellow,1,2026-08-26,900.0,Robusta
Thailand,1,7,2025,2025-10-02,Natural/Dry,8.33,8.33,8.08,8.33,8.33,8.25,10.0,10.0,8.25,0.103,0,0,Yellow-Green,0,2026-10-02,300.0,Robusta
Vietnam,15,30,2025,2025-05-05,Fermentation,8.25,8.42,8.17,8.25,8.25,8.25,10.0,10.0,8.33,0.12,0,1,Brown,0,2026-05-05,1200.0,Robusta
Vietnam,1,60,2025,2025-04-07,Natural/Dry,8.17,8.25,8.25,8.25,8.08,8.25,10.0,10.0,8.17,0.117,0,0,Green,1,2026-04-07,850.0,Robusta
Thailand,2,100,2025,2025-08-26,Natural/Dry,8.33,8.5,8.42,8.17,8.0,8.25,10.0,10.0,8.25,0.111,0,0,Yellow-Green,1,2026-08-26,150.0,Robusta
Vietnam,4000,1,2025,2025-07-09,Natural/Dry,8.33,8.33,8.25,8.42,8.17,8.17,10.0,10.0,8.25,0.11,0,0,Green,0,2026-07-09,500.0,Robusta
Vietnam,6000,1,2025,2025-07-09,Natural/Dry,8.42,8.42,8.25,8.25,8.0,8.25,10.0,10.0,8.25,0.11,0,0,Green,0,2026-07-09,590.0,Robusta
Cambodia,30,30,2025,2025-09-03,Natural/Dry,8.33,8.17,8.17,8.25,8.17,8.25,10.0,10.0,8.5,0.111,0,0,Yellow,3,2026-09-03,150.0,Robusta
Vietnam,105,1,2025,2025-07-09,Natural/Dry,8.25,8.42,8.25,8.25,8.08,8.17,10.0,10.0,8.25,0.11,0,0,Green,0,2026-07-09,1040.0,Robusta
Thailand,1,8,2021,2025-10-02,Natural/Dry,8.25,8.33,8.08,8.17,8.17,8.25,10.0,10.0,8.33,0.104,0,0,Brown,0,2026-10-02,80.0,Robusta
Thailand,2,10,2023,2024-11-07,Natural/Dry,8.17,8.08,8.0,8.17,8.08,8.17,10.0,10.0,8.25,0.094,0,0,Yellow,0,2025-11-07,1300.0,Robusta
Vietnam,3000,1,2025,2025-07-09,Natural/Dry,8.42,8.33,8.17,8.25,8.08,8.17,10.0,10.0,8.17,0.11,0,0,Green,0,2026-07-09,800.0,Robusta
Vietnam,18000,1,2025,2025-07-09,Natural/Dry,8.5,8.33,8.17,8.25,8.0,8.08,10.0,10.0,8.17,0.11,0,0,Green,0,2026-07-09,500.0,Robusta
Vietnam,30000,1,2025,2025-07-09,Natural/Dry,8.33,8.25,8.17,8.17,8.17,8.17,10.0,10.0,8.33,0.11,0,0,Green,0,2026-07-09,1100.0,Robusta
Thailand,3,8,2025,2025-10-02,Natural/Dry,8.33,8.33,8.0,8.17,8.17,8.25,10.0,10.0,8.08,0.117,0,0,Brown,0,2026-10-02,79.0,Robusta
Vietnam,10000,1,2025,2025-07-09,Natural/Dry,8.25,8.33,8.17,8.17,8.17,8.0,10.0,10.0,8.25,0.11,0,0,Green,0,2026-07-09,625.0,Robusta
Vietnam,10000,1,2025,2025-07-09,Natural/Dry,8.25,8.33,8.17,8.33,8.08,8.08,10.0,10.0,8.17,0.107,0,0,Green,0,2026-07-09,1080.0,Robusta
Thailand,1,8,2025,2025-08-26,Natural/Dry,8.25,8.25,7.92,8.42,8.08,8.08,10.0,10.0,8.5,0.122,0,0,Yellow,2,2026-08-26,500.0,Robusta
Cambodia,30,30,2025,2025-03-24,Natural/Dry,8.17,8.08,8.17,8.25,8.17,8.25,10.0,10.0,8.33,0.12,0,1,Blue-Green,0,2026-03-24,700.0,Robusta
Vietnam,1500,1,2025,2025-07-09,Natural/Dry,8.33,8.17,8.17,8.33,8.08,8.08,10.0,10.0,8.17,0.11,0,0,Green,0,2026-07-09,950.0,Robusta
Cameroon,10,60,2025,2024-12-30,Natural/Dry,8.08,8.17,8.0,8.25,8.17,8.25,10.0,10.0,8.33,0.109,0,0,Yellow-green,0,2025-12-30,700.0,Robusta
Vietnam,1,2,2025,2025-09-22,Honey,8.25,8.17,8.08,8.08,8.08,8.17,10.0,10.0,8.17,0.121,0,0,Blue-Green,0,2026-09-22,800.0,Robusta
Vietnam,35,60,2025,2025-09-29,Natural/Dry,8.5,8.17,8.0,8.17,8.0,8.08,10.0,10.0,8.17,0.118,0,0,Blue-Green,0,2026-09-29,850.0,Robusta
Vietnam,40000,1,2025,2025-07-09,Natural/Dry,8.25,8.25,8.08,8.25,8.0,8.0,10.0,10.0,8.17,0.112,0,0,Green,0,2026-07-09,700.0,Robusta
Vietnam,50,60,2025,2025-05-22,Natural/Dry,8.25,8.0,8.08,8.17,8.17,8.17,10.0,10.0,8.17,0.115,0,0,Green,0,2026-05-22,800.0,Robusta
Vietnam,10000,1,2025,2025-07-09,Natural/Dry,8.42,8.17,8.0,8.17,8.0,8.08,10.0,10.0,8.17,0.111,0,0,Green,0,2026-07-09,600.0,Robusta
Vietnam,40000,1,2025,2025-07-09,Washed/Wet,8.17,8.25,8.0,8.25,8.08,8.0,10.0,10.0,8.08,0.107,0,0,Green,0,2026-07-09,700.0,Robusta
Vietnam,25000,1,2025,2025-07-09,Natural/Dry,8.42,8.17,8.0,8.25,8.0,8.0,10.0,10.0,8.08,0.11,0,0,Green,0,2026-07-09,800.0,Robusta
Vietnam,8000,1,2025,2025-07-09,Natural/Dry,8.33,8.17,7.92,8.17,8.0,8.08,10.0,10.0,8.17,0.109,0,0,Green,0,2026-07-09,710.0,Robusta
Vietnam,10000,1,2025,2025-07-09,Natural/Dry,8.42,8.17,7.92,8.17,8.08,8.08,10.0,10.0,8.08,0.11,0,0,Green,0,2026-07-09,700.0,Robusta
Vietnam,30,60,2025,2025-05-15,Natural/Dry,8.08,8.0,8.08,8.08,8.17,8.25,10.0,10.0,8.25,0.12,0,0,Green,0,2026-05-15,900.0,Robusta
Vietnam,4000,1,2025,2025-07-09,Washed/Wet,8.25,8.17,8.08,8.08,8.08,8.08,10.0,10.0,8.08,0.11,0,0,Green,0,2026-07-09,950.0,Robusta
Vietnam,10,60,2025,2025-04-07,Natural/Dry,8.33,8.33,8.0,8.0,8.0,8.08,10.0,10.0,8.0,0.131,0,0,Green,0,2026-04-07,650.0,Robusta
Vietnam,10,30,2025,2025-07-01,Fermentation,8.33,8.17,8.08,8.08,8.0,8.0,10.0,10.0,8.0,0.117,0,1,Yellow,0,2026-07-01,860.0,Robusta
Thailand,1,8,2025,2025-08-26,Honey,8.17,8.0,7.92,8.08,8.17,8.17,10.0,10.0,8.08,0.106,0,0,Green,0,2026-08-26,167.0,Robusta
Vietnam,60,1,2025,2025-07-09,Natural/Dry,8.25,8.25,7.92,8.0,8.08,7.92,10.0,10.0,8.17,0.11,0,0,Green,0,2026-07-09,1040.0,Robusta
Vietnam,6000,1,2025,2025-07-09,Natural/Dry,8.08,8.0,8.0,8.0,8.08,8.0,10.0,10.0,8.17,0.11,0,0,Green,0,2026-07-09,590.0,Robusta
Vietnam,1500,1,2025,2025-07-09,Natural/Dry,8.17,8.0,7.83,8.17,8.0,8.0,10.0,10.0,8.08,0.11,0,0,Green,0,2026-07-09,1400.0,Robusta
Thailand,1,20,2025,2025-08-26,Natural/Dry,7.58,8.0,8.0,8.25,8.17,8.17,10.0,10.0,8.08,0.106,0,0,Green,1,2026-08-26,850.0,Robusta
Vietnam,10000,1,2025,2025-07-09,Natural/Dry,8.33,8.17,7.83,8.17,7.92,7.83,10.0,10.0,8.0,0.11,0,0,Green,0,2026-07-09,625.0,Robusta
Vietnam,20,60,2025,2025-04-07,Natural/Dry,8.17,8.08,8.0,8.0,8.0,8.0,10.0,10.0,7.92,0.129,0,0,Green,0,2026-04-07,650.0,Robusta
Vietnam,13,60,2021,2025-04-07,Natural/Dry,8.0,8.08,8.08,8.0,8.0,8.0,10.0,10.0,7.83,0.109,0,0,Green,0,2026-04-07,900.0,Robusta
Vietnam,19,60,2025,2025-04-07,Honey,7.92,7.92,8.0,8.17,7.83,8.0,10.0,10.0,8.08,0.106,0,0,Green,1,2026-04-07,650.0,Robusta
Vietnam,5150,60,2025,2025-04-07,Natural/Dry,7.92,7.83,7.83,8.08,8.0,8.0,10.0,10.0,8.08,0.131,0,0,Green,1,2026-04-07,550.0,Robusta
Thailand,1,8,2025,2025-08-26,Natural/Dry,8.17,8.08,7.92,7.92,7.67,7.83,10.0,10.0,8.0,0.112,0,0,Yellow-Green,3,2026-08-26,579.0,Robusta
Vietnam,166,60,2025,2025-05-22,Honey,7.83,7.75,8.0,7.92,8.08,8.0,10.0,10.0,7.92,0.117,0,0,Green,1,2026-05-22,800.0,Robusta
Vietnam,1,1,2025,2025-04-08,Natural/Dry,7.92,7.92,7.75,7.75,8.08,8.0,10.0,10.0,8.17,0.093,0,0,Yellow,0,2026-04-08,5400.0,Robusta
Vietnam,10000,1,2025,2025-08-18,Honey,7.83,8.0,7.92,7.92,8.0,7.92,10.0,10.0,8.0,0.11,0,0,Green,0,2026-08-18,950.0,Robusta
Vietnam,10000,1,2025,2025-08-18,Washed/Wet,8.0,7.92,7.75,7.92,7.92,7.92,10.0,10.0,8.0,0.11,0,0,Green,0,2026-08-18,880.0,Robusta
Vietnam,25000,1,2025,2025-08-18,Natural/Dry,8.25,7.92,7.83,7.92,7.83,7.83,10.0,10.0,7.92,0.11,0,0,Green,0,2026-08-18,800.0,Robusta
Vietnam,142000,1,2025,2025-08-18,Honey,8.08,8.0,7.92,7.92,7.83,7.92,10.0,10.0,7.83,0.11,0,0,Green,0,2026-08-18,880.0,Robusta
Vietnam,2,2,2025,2025-09-29,Natural/Dry,8.0,7.92,7.83,7.92,7.92,7.92,10.0,10.0,7.92,0.121,0,0,Blue-Green,0,2026-09-29,825.0,Robusta
Vietnam,1,2,2025,2025-05-22,Natural/Dry,8.33,7.92,7.83,7.83,7.83,7.83,10.0,10.0,7.83,0.11,0,0,Yellow-Green,2,2026-05-22,700.0,Robusta
Vietnam,28,60,2025,2025-09-29,Honey,8.0,7.83,7.92,7.75,8.0,7.92,10.0,10.0,7.92,0.12,0,0,Blue-Green,0,2026-09-29,850.0,Robusta
Vietnam,2,2,2025,2025-09-29,Honey,8.0,7.83,7.75,7.92,7.92,7.92,10.0,10.0,7.92,0.12,0,0,Green,0,2026-09-29,800.0,Robusta
Indonesia,1,50,2021,2025-10-13,Natural/Dry,7.75,7.92,7.67,7.67,8.0,8.0,10.0,10.0,8.25,0.123,0,0,Green,2,2026-10-13,1300.0,Robusta
Vietnam,16,60,2025,2025-05-22,Natural/Dry,7.83,7.83,7.92,8.08,7.92,7.83,10.0,10.0,7.92,0.114,0,0,Green,0,2026-05-22,800.0,Robusta
Thailand,1,2,2025,2025-05-29,Natural/Dry,8.0,8.08,8.08,7.83,7.58,7.83,10.0,10.0,7.92,0.108,0,0,Brown,1,2026-05-29,338.0,Robusta
Vietnam,500000,1,2025,2025-08-18,Washed/Wet,7.92,7.92,7.83,8.0,7.83,7.83,10.0,10.0,7.92,0.11,0,0,Green,0,2026-08-18,900.0,Robusta
Vietnam,500000,1,2025,2025-08-18,Washed/Wet,7.83,7.92,7.83,7.92,7.83,7.83,10.0,10.0,8.0,0.11,0,0,Green,0,2026-08-18,900.0,Robusta
Vietnam,500000,1,2025,2025-08-18,Washed/Wet,7.83,7.83,7.83,7.92,7.92,7.92,10.0,10.0,7.83,0.11,0,0,Green,0,2026-08-18,900.0,Robusta
Vietnam,2,1,2025,2025-05-19,Honey,7.75,7.83,7.75,7.92,8.0,7.83,10.0,10.0,7.92,0.124,0,0,Blue-Green,0,2026-05-19,650.0,Robusta
Vietnam,20,50,2025,2025-08-07,Washed/Wet,7.75,7.83,7.83,7.83,7.92,7.83,10.0,10.0,7.83,0.116,0,0,Green,0,2026-08-07,850.0,Robusta
Thailand,1,2,2025,2025-06-11,Natural/Dry,7.83,7.75,7.83,7.83,7.83,7.83,10.0,10.0,7.92,0.088,0,0,Yellow-Green,0,2026-06-11,200.0,Robusta
Vietnam,5,60,2025,2025-04-07,Natural/Dry,8.33,8.08,7.75,7.67,7.67,7.75,10.0,10.0,7.67,0.112,0,0,Brown,1,2026-04-07,840.0,Robusta
Vietnam,10000,1,2025,2025-08-18,Washed/Wet,7.83,7.83,7.83,7.83,7.83,7.75,10.0,10.0,7.92,0.11,0,0,Green,0,2026-08-18,880.0,Robusta
Vietnam,20000,1,2025,2025-08-18,Natural/Dry,7.67,7.92,7.83,7.92,7.83,7.75,10.0,10.0,7.83,0.11,0,0,Green,0,2026-08-18,600.0,Robusta
Cambodia,10,60,2025,2025-09-03,Natural/Dry,7.83,7.83,8.0,7.75,7.58,7.67,10.0,10.0,7.83,0.111,0,2,Yellow-Green,5,2026-09-03,500.0,Robusta
Vietnam,25000,1,2025,2025-08-18,Natural/Dry,8.08,7.75,7.67,7.92,7.67,7.67,10.0,10.0,7.75,0.11,0,0,Green,0,2026-08-18,800.0,Robusta
Vietnam,20,60,2025,2025-06-26,Natural/Dry,7.75,7.67,7.75,7.92,7.75,7.75,10.0,10.0,7.75,0.114,0,0,Blue-Green,0,2026-06-26,550.0,Robusta
Vietnam,1,2,2025,2025-04-07,Natural/Dry,7.75,7.83,7.67,7.92,7.58,7.75,10.0,10.0,7.83,0.104,0,0,Green,0,2026-04-07,1020.0,Robusta
Thailand,1,10,2024,2024-11-07,Natural/Dry,8.0,7.92,7.67,7.67,7.58,7.58,10.0,10.0,7.75,0.098,0,0,Yellow,0,2025-11-07,12.0,Robusta
Vietnam,2,2,2025,2025-09-29,Natural/Dry,7.67,7.58,7.67,7.67,7.75,7.75,10.0,10.0,7.75,0.117,0,0,Blue-Green,0,2026-09-29,825.0,Robusta
Vietnam,10,50,2021,2025-08-13,,7.83,7.75,7.67,7.58,7.75,7.58,10.0,10.0,7.67,0.118,0,0,Blue-Green,0,2026-08-13,900.0,Robusta
India,200,30,2025,2025-05-05,Washed/Wet,7.67,7.67,7.67,7.75,7.58,7.67,10.0,10.0,7.75,0.106,0,0,Green,3,2026-05-05,1040.0,Robusta
India,250,60,2025,2024-11-07,Washed/Wet,7.75,7.5,7.5,7.83,7.67,7.58,10.0,10.0,7.75,0.142,0,2,Green,6,2025-11-07,2870.0,Robusta
Vietnam,20000,1,2025,2025-08-18,Natural/Dry,7.58,7.67,7.67,7.58,7.67,7.67,10.0,10.0,7.67,0.11,0,0,Green,0,2026-08-18,870.0,Robusta
India,166,30,2025,2025-05-05,Natural/Dry,7.58,7.58,7.67,7.58,7.67,7.67,10.0,10.0,7.67,0.112,0,0,Yellow-Green,6,2026-05-05,1040.0,Robusta
Vietnam,383,60,2025,2025-06-11,Honey,7.67,7.58,7.67,7.58,7.58,7.67,10.0,10.0,7.58,0.116,0,1,Blue-Green,1,2026-06-11,800.0,Robusta
India,100,60,2024,2025-05-20,Natural/Dry,7.83,7.75,7.67,7.75,7.67,7.5,9.33,10.0,7.75,0.124,0,0,Brown,7,2026-05-20,900.0,Robusta
Thailand,1,2,2021,2025-06-11,Natural/Dry,7.67,7.58,7.58,7.5,7.58,7.67,10.0,10.0,7.5,0.108,0,0,Yellow,0,2026-06-11,100.0,Robusta
India,320,60,2024,2024-11-07,Washed/Wet,7.58,7.42,7.5,7.75,7.42,7.5,10.0,10.0,7.75,0.139,0,1,Green,4,2025-11-07,2950.0,Robusta
Brazil,4,60,2020,2024-11-20,Fermentation,7.67,7.67,7.42,7.58,7.42,7.5,10.0,10.0,7.58,0.117,2,0,Brown,10,2025-11-20,232.0,Robusta
India,60,30,2025,2025-05-05,Honey,7.58,7.5,7.42,7.5,7.33,7.58,10.0,10.0,7.42,0.103,0,0,Yellow-Green,0,2026-05-05,1040.0,Robusta
Vietnam,15,30,2025,2025-04-07,Natural/Dry,7.42,7.25,7.17,7.5,7.17,7.33,10.0,10.0,7.67,0.123,0,0,Green,0,2026-04-07,550.0,Robusta
Brazil,1,60,2024,2024-11-20,Washed/Wet,7.25,7.25,7.08,7.08,7.33,7.17,10.0,10.0,7.08,0.106,0,0,Yellow,2,2025-11-20,200.0,Robusta
Brazil,1,60,2024,2024-11-20,Natural/Dry,7.0,7.17,7.17,6.92,7.25,7.0,10.0,10.0,7.08,0.106,0,0,Brown,2,2025-11-20,232.0,Robusta
India,5,60,2023,2024-11-20,Washed/Wet,7.25,6.67,6.83,6.67,7.0,6.92,10.0,10.0,6.67,0.108,0,0,Yellow,0,2025-11-20,950.0,Robusta
India,5,60,2023,2024-11-20,Washed/Wet,7.17,6.75,6.67,6.67,6.58,6.58,10.0,10.0,6.67,0.093,0,0,Green,4,2025-11-20,900.0,Robusta
