country,bag_num,bag_weight,harvest_year,grading_date,processing_method,aroma,flavor,aftertaste,acidity,body,balance,uniformity,clean_cup,sweetness,moisture,cat_1_defects,quakers,color,cat_2_defects,expiration,altitude,species,total_quality
Thailand,1,10,2020,2024-10-29,Washed/Wet,8.67,8.5,8.33,8.0,8.08,8.33,10.0,10.0,10.0,0.112,0,0,,0,2025-10-29,1443.0,Arabica,8.318333333333333
Thailand,1,8,2025,2025-07-08,Natural/Dry,8.25,8.5,8.33,8.25,8.17,8.17,10.0,10.0,10.0,0.111,0,0,Green,0,2026-07-08,1450.0,Arabica,8.278333333333334
Thailand,1,7,2025,2025-10-02,Natural/Dry,8.42,8.42,8.17,8.17,8.08,8.17,10.0,10.0,10.0,0.097,0,0,Green,0,2026-10-02,1375.0,Arabica,8.238333333333333
Thailand,1,8,2025,2025-08-26,Natural/Dry,8.25,8.33,8.25,8.17,8.17,8.25,10.0,10.0,10.0,0.129,0,0,Yellow,0,2026-08-26,1200.0,Arabica,8.236666666666666
Thailand,1,7,2021,2025-10-02,Washed/Wet,8.33,8.25,8.08,8.08,8.25,8.25,10.0,10.0,10.0,0.095,0,0,Green,3,2026-10-02,1200.0,Arabica,8.206666666666665
Thailand,1,8,2025,2025-07-08,Natural/Dry,8.17,8.25,8.0,8.33,8.08,8.17,10.0,10.0,10.0,0.122,0,0,Green,0,2026-07-08,1200.0,Arabica,8.166666666666666
Thailand,1,7,2025,2025-10-02,Natural/Dry,8.33,8.33,8.08,8.25,8.08,8.08,10.0,10.0,10.0,0.109,0,0,Brown,0,2026-10-02,1400.0,Arabica,8.191666666666666
Thailand,1,8,2025,2025-10-02,Natural/Dry,8.33,8.33,8.17,8.08,7.92,8.17,10.0,10.0,10.0,0.1,0,0,Yellow-Green,0,2026-10-02,1480.0,Arabica,8.166666666666666
Ethiopia,1600,96000,2025,2025-04-08,Natural/Dry,8.0,8.25,8.17,8.33,8.33,8.0,10.0,10.0,10.0,0.089,0,3,Yellow-Green,1,2026-04-08,2000.0,Arabica,8.18
Taiwan,1,2,2025,2025-09-26,Honey,8.17,8.25,8.17,8.17,8.08,8.08,10.0,10.0,10.0,0.091,0,0,Blue-Green,0,2026-09-26,1200.0,Arabica,8.153333333333334
Ethiopia,100,30,2025,2025-04-17,Natural/Dry,8.08,8.08,8.17,8.33,8.08,8.0,10.0,10.0,10.0,0.098,1,7,Yellow-Green,14,2026-04-17,1100.0,Arabica,8.123333333333333
Taiwan,1,8,2024,2024-10-29,Honey,8.17,8.25,8.08,8.17,7.92,8.08,10.0,10.0,10.0,0.101,0,0,Green,2,2025-10-29,1050.0,Arabica,8.111666666666666
Taiwan,1,8,2024,2024-10-29,Natural/Dry,8.33,8.17,8.08,8.08,8.0,8.08,10.0,10.0,10.0,0.116,0,0,Blue-Green,0,2025-10-29,1300.0,Arabica,8.123333333333333
Vietnam,2000,1,2025,2025-07-09,Natural/Dry,8.5,8.25,8.08,8.08,8.08,7.83,10.0,10.0,10.0,0.11,0,0,Green,0,2026-07-09,500.0,Arabica,8.136666666666665
Ethiopia,100,60,2025,2025-09-10,Natural/Dry,8.0,8.17,8.17,8.25,8.25,8.08,10.0,10.0,10.0,0.101,0,2,Yellow-Green,5,2026-09-10,2000.0,Arabica,8.153333333333334
Taiwan,1,2,2025,2025-09-26,Natural/Dry,8.17,8.25,8.25,8.0,8.08,8.08,10.0,10.0,10.0,0.102,0,0,Blue-Green,0,2026-09-26,1500.0,Arabica,8.138333333333334
Taiwan,1,8,2024,2024-10-29,Honey,8.0,8.17,8.0,8.33,8.17,8.08,10.0,10.0,10.0,0.112,0,0,Green,2,2025-10-29,1200.0,Arabica,8.125
Vietnam,1500,1,2025,2025-07-09,Natural/Dry,8.33,8.17,8.0,8.17,8.08,8.08,10.0,10.0,10.0,0.11,0,0,Green,0,2026-07-09,1400.0,Arabica,8.138333333333334
Thailand,1,10,2024,2024-10-29,Natural/Dry,8.42,8.33,8.0,8.08,7.92,7.92,10.0,10.0,10.0,0.1,0,0,Yellow-Green,0,2025-10-29,1250.0,Arabica,8.111666666666666
Vietnam,5000,1,2025,2025-07-09,Natural/Dry,8.33,8.17,8.17,8.0,8.17,8.0,10.0,10.0,10.0,0.11,0,0,Green,0,2026-07-09,1400.0,Arabica,8.14
Ethiopia,1600,96000,2025,2025-04-08,Washed/Wet,7.92,8.08,8.0,8.42,8.08,8.08,10.0,10.0,10.0,0.098,0,0,Blue-Green,1,2026-04-08,2000.0,Arabica,8.096666666666666
Vietnam,3000,1,2025,2025-07-09,Washed/Wet,8.25,8.17,7.92,8.17,8.08,8.0,10.0,10.0,10.0,0.11,0,0,Green,0,2026-07-09,1580.0,Arabica,8.098333333333334
Taiwan,1,8,2024,2024-10-29,Honey,8.17,8.25,8.08,7.92,7.83,8.25,10.0,10.0,10.0,0.102,0,0,Green,0,2025-10-29,1100.0,Arabica,8.083333333333334
Taiwan,1,5,2025,2025-07-15,Natural/Dry,8.0,8.17,8.08,8.08,7.83,8.08,10.0,10.0,10.0,0.092,0,0,Green,1,2026-07-15,725.0,Arabica,8.04
Thailand,1,8,2025,2025-08-26,Washed/Wet,8.33,8.17,7.92,7.92,7.92,8.17,10.0,10.0,10.0,0.117,0,0,Yellow-Green,0,2026-08-26,1450.0,Arabica,8.071666666666667
Taiwan,1,8,2024,2024-10-29,Natural/Dry,8.08,8.17,8.0,8.08,7.92,8.08,10.0,10.0,10.0,0.101,0,0,Green,0,2025-10-29,1000.0,Arabica,8.055
Ethiopia,100,6000,2025,2025-05-08,Natural/Dry,7.92,8.17,8.08,8.25,7.92,8.08,10.0,10.0,10.0,0.092,0,5,Yellow-Green,4,2026-05-08,1900.0,Arabica,8.07
Ethiopia,320,60,2025,2025-05-06,Washed/Wet,8.0,7.92,8.08,8.17,8.17,8.08,10.0,10.0,10.0,0.094,0,0,Green,3,2026-05-06,2025.0,Arabica,8.07
Thailand,1,30,2025,2025-08-26,Natural/Dry,8.0,8.17,7.92,8.17,8.17,8.0,10.0,10.0,10.0,0.125,0,0,Blue-Green,0,2026-08-26,1200.0,Arabica,8.071666666666667
Ethiopia,320,60,2025,2025-09-26,Washed/Wet,8.17,8.17,8.0,7.92,7.92,8.08,10.0,10.0,10.0,0.09,0,0,Green,1,2026-09-26,2150.0,Arabica,8.043333333333333
Taiwan,1,2,2025,2025-09-26,Washed/Wet,8.0,8.08,8.0,8.08,8.0,8.08,10.0,10.0,10.0,0.085,0,0,Green,4,2026-09-26,1100.0,Arabica,8.04
Colombia,600,30,2025,2024-11-23,Washed/Wet,8.08,8.08,7.92,7.92,8.0,8.5,10.0,10.0,10.0,0.118,0,0,Green,2,2025-11-23,1800.0,Arabica,8.083333333333334
Taiwan,1,6,2025,2025-09-12,Washed/Wet,8.0,8.25,7.92,8.08,8.0,8.0,10.0,10.0,10.0,0.112,0,0,Green,0,2026-09-12,650.0,Arabica,8.041666666666666
Vietnam,100,1,2025,2025-07-09,Honey,8.08,8.25,8.0,8.08,8.08,8.08,10.0,10.0,10.0,0.11,0,0,Green,0,2026-07-09,1500.0,Arabica,8.094999999999999
Vietnam,300,1,2025,2025-07-09,Honey,8.17,7.92,8.08,8.17,8.08,7.83,10.0,10.0,10.0,0.11,0,0,Green,0,2026-07-09,1600.0,Arabica,8.041666666666666
Colombia,200,70,2025,2025-04-30,Washed/Wet,8.0,7.83,8.0,8.0,8.08,8.33,10.0,10.0,10.0,0.105,4,1,Green,6,2026-04-30,1700.0,Arabica,8.04
Taiwan,1,8,2024,2024-10-29,Natural/Dry,8.08,8.08,8.0,8.0,8.0,8.08,10.0,10.0,10.0,0.1,0,0,Green,0,2025-10-29,1500.0,Arabica,8.04
Taiwan,1,8,2024,2024-10-29,Natural/Dry,8.25,8.17,8.08,8.0,7.83,7.92,10.0,10.0,10.0,0.102,0,0,Brown,1,2025-10-29,1050.0,Arabica,8.041666666666666
Thailand,1,10,2024,2024-10-29,Honey,8.17,8.17,8.0,8.0,7.67,8.08,10.0,10.0,10.0,0.104,0,2,Green,0,2025-10-29,1200.0,Arabica,8.015
Vietnam,200,1,2025,2025-07-09,Natural/Dry,8.0,8.17,8.0,8.08,7.83,8.08,10.0,10.0,10.0,0.11,0,0,Green,0,2026-07-09,1550.0,Arabica,8.026666666666666
Thailand,1,8,2025,2025-08-26,Natural/Dry,8.0,8.17,7.92,8.17,8.17,8.0,10.0,10.0,10.0,0.117,0,0,Blue-Green,0,2026-08-26,1300.0,Arabica,8.071666666666667
Vietnam,2500,1,2025,2025-07-09,Natural/Dry,8.17,8.08,7.92,8.0,8.0,7.92,10.0,10.0,10.0,0.11,0,0,Green,0,2026-07-09,1200.0,Arabica,8.015
Indonesia,1,60,2025,2025-10-13,,8.25,8.0,8.08,8.0,7.83,8.0,10.0,10.0,10.0,0.117,0,0,Yellow,0,2026-10-13,1400.0,Arabica,8.026666666666666
Taiwan,1,6,2025,2025-09-12,Honey,7.83,8.08,8.0,8.17,7.92,8.0,10.0,10.0,10.0,0.105,0,0,Green,3,2026-09-12,300.0,Arabica,8.0
Taiwan,1,2,2025,2025-09-18,Honey,8.17,8.08,8.0,8.0,7.92,7.92,10.0,10.0,10.0,0.101,0,0,Green,0,2026-09-18,1250.0,Arabica,8.015
Guatemala,9,30,2025,2025-09-26,Natural/Dry,8.0,8.0,7.92,7.92,8.0,8.08,10.0,10.0,10.0,0.109,0,0,Green,0,2026-09-26,1550.0,Arabica,7.986666666666667
Ethiopia,317,60,2024,2024-11-27,Washed/Wet,8.17,8.08,7.92,7.92,8.0,8.0,10.0,10.0,10.0,0.101,0,0,Blue-Green,3,2025-11-27,1973.0,Arabica,8.015
Thailand,1,30,2025,2025-08-26,Washed/Wet,8.17,8.0,7.83,8.0,8.0,7.92,10.0,10.0,10.0,0.121,0,0,Green,0,2026-08-26,1430.0,Arabica,7.986666666666667
Taiwan,1,8,2024,2024-10-29,Washed/Wet,8.0,8.08,7.92,8.0,7.92,8.0,10.0,10.0,10.0,0.108,0,0,Green,1,2025-10-29,1000.0,Arabica,7.986666666666667
Colombia,3,35,2024,2024-11-20,Natural/Dry,7.92,8.17,7.67,8.0,8.08,8.0,10.0,10.0,10.0,0.103,0,0,Yellow,0,2025-11-20,1600.0,Arabica,7.973333333333333
Panama,3,35,2023,2024-11-20,Cherry,7.92,8.25,7.92,8.25,7.75,7.75,10.0,10.0,10.0,0.117,0,0,Yellow,0,2025-11-20,1500.0,Arabica,7.973333333333334
Japan,10,1,2025,2025-09-26,Natural/Dry,7.83,8.0,8.08,7.92,7.83,8.0,10.0,10.0,10.0,0.102,0,0,Green,0,2026-09-26,89.0,Arabica,7.9433333333333325
Colombia,3,35,2024,2024-11-20,Natural/Dry,7.58,8.42,7.92,7.92,8.08,7.75,10.0,10.0,10.0,0.104,0,0,Orange,3,2025-11-20,1600.0,Arabica,7.945
Taiwan,1,2,2025,2025-09-26,Natural/Dry,8.0,8.0,7.92,8.0,7.92,8.0,10.0,10.0,10.0,0.105,0,0,Yellow-Green,0,2026-09-26,1300.0,Arabica,7.973333333333334
Vietnam,12000,1,2025,2025-07-10,Washed/Wet,8.0,8.0,7.92,8.0,7.92,7.92,10.0,10.0,10.0,0.11,0,0,Green,0,2026-07-10,1500.0,Arabica,7.960000000000001
Kenya,64,60,2021,2025-04-01,Washed/Wet,8.0,8.0,7.92,7.92,8.0,7.92,10.0,10.0,10.0,0.118,0,0,Green,2,2026-04-01,1560.0,Arabica,7.960000000000001
Thailand,1,8,2025,2025-10-02,Natural/Dry,8.0,7.92,7.92,8.0,7.83,8.0,10.0,10.0,10.0,0.106,0,0,Yellow-Green,2,2026-10-02,1200.0,Arabica,7.945
Taiwan,1,8,2024,2024-10-29,Natural/Dry,7.92,8.08,8.08,7.92,7.92,7.92,10.0,10.0,10.0,0.104,0,0,Blue-Green,1,2025-10-29,1200.0,Arabica,7.973333333333334
Taiwan,1,8,2024,2024-10-29,Natural/Dry,8.08,8.08,7.92,7.83,7.83,7.92,10.0,10.0,10.0,0.1,0,0,Green,0,2025-10-29,1200.0,Arabica,7.9433333333333325
Taiwan,1,5,2025,2025-07-15,Natural/Dry,7.92,8.0,8.0,7.92,7.83,7.92,10.0,10.0,10.0,0.091,0,0,Yellow-Green,0,2026-07-15,725.0,Arabica,7.9316666666666675
Ethiopia,830,60,2025,2025-07-07,Natural/Dry,8.08,8.08,8.08,7.92,7.67,7.92,10.0,10.0,10.0,0.091,0,0,Brown,4,2026-07-07,2200.0,Arabica,7.958333333333335
Taiwan,1,2,2025,2025-09-26,Natural/Dry,8.25,8.08,7.92,8.0,7.75,7.83,10.0,10.0,10.0,0.102,0,0,Green,0,2026-09-26,1200.0,Arabica,7.971666666666667
Thailand,1,8,2021,2025-08-26,Washed/Wet,8.0,7.75,7.92,8.0,7.92,7.92,10.0,10.0,10.0,0.107,0,0,Green,1,2026-08-26,1350.0,Arabica,7.918333333333334
Thailand,1,30,2025,2025-08-26,Honey,8.0,7.92,8.0,7.92,7.92,8.0,10.0,10.0,10.0,0.112,0,0,Yellow-Green,0,2026-08-26,1430.0,Arabica,7.960000000000001
Taiwan,1,8,2024,2024-10-29,Natural/Dry,8.0,8.0,7.92,8.0,7.83,7.83,10.0,10.0,10.0,0.101,0,0,Yellow,0,2025-10-29,1020.0,Arabica,7.93
Taiwan,1,2,2025,2025-09-18,Honey,8.08,8.08,7.92,7.92,7.83,7.83,10.0,10.0,10.0,0.11,0,0,Blue-Green,0,2026-09-18,1200.0,Arabica,7.9433333333333325
Taiwan,1,6,2025,2025-09-12,Honey,7.92,8.0,7.92,8.0,7.83,7.92,10.0,10.0,10.0,0.117,0,0,Green,0,2026-09-12,150.0,Arabica,7.9316666666666675
Panama,3,35,2023,2024-11-20,Cherry,8.0,8.08,7.83,8.08,7.75,7.58,10.0,10.0,10.0,0.116,0,0,Yellow,3,2025-11-20,1300.0,Arabica,7.886666666666666
Thailand,1,8,2025,2025-10-02,Natural/Dry,8.08,8.17,7.92,7.92,7.83,7.58,10.0,10.0,10.0,0.101,0,0,Brown,0,2026-10-02,1500.0,Arabica,7.916666666666667
Taiwan,1,8,2024,2024-10-29,Washed/Wet,8.33,8.0,7.83,7.75,7.67,7.83,10.0,10.0,10.0,0.102,0,0,Yellow-Green,0,2025-10-29,1250.0,Arabica,7.901666666666666
Ethiopia,302,60,2025,2025-07-07,Natural/Dry,7.92,8.0,7.92,7.75,7.92,8.0,10.0,10.0,10.0,0.091,0,0,Brown,4,2026-07-07,2200.0,Arabica,7.918333333333333
Taiwan,1,8,2023,2024-10-29,Honey,7.75,8.0,7.92,8.0,7.83,7.83,10.0,10.0,10.0,0.104,0,0,Green,0,2025-10-29,1000.0,Arabica,7.888333333333333
Taiwan,1,5,2025,2025-07-15,Honey,8.08,8.0,7.92,7.83,7.83,7.83,10.0,10.0,10.0,0.097,0,0,Green,0,2026-07-15,700.0,Arabica,7.914999999999999
Taiwan,1,5,2025,2025-07-15,Natural/Dry,7.92,8.0,7.75,8.0,7.92,7.92,10.0,10.0,10.0,0.095,0,0,Yellow-Green,0,2026-07-15,725.0,Arabica,7.918333333333334
Thailand,2,1000,2024,2024-10-29,Washed/Wet,8.42,7.92,7.83,7.92,7.75,7.75,10.0,10.0,10.0,0.103,0,0,,0,2025-10-29,1400.0,Arabica,7.9316666666666675
Taiwan,1,5,2025,2025-07-15,Natural/Dry,7.92,8.08,7.92,7.92,7.92,7.83,10.0,10.0,10.0,0.092,0,0,Green,0,2026-07-15,680.0,Arabica,7.9316666666666675
Taiwan,1,5,2025,2025-07-15,Natural/Dry,8.0,8.17,7.92,7.83,7.67,7.83,10.0,10.0,10.0,0.093,0,1,Yellow,0,2026-07-15,725.0,Arabica,7.903333333333333
Costa Rica,1,1,2025,2025-02-20,Washed/Wet,7.92,7.92,7.83,7.92,8.0,7.92,10.0,10.0,10.0,0.115,0,2,Blue-Green,1,2026-02-20,1150.0,Arabica,7.918333333333334
Taiwan,1,10,2025,2025-03-19,Natural/Dry,8.17,8.08,7.75,7.75,7.75,7.83,10.0,10.0,10.0,0.095,3,0,Green,1,2026-03-19,500.0,Arabica,7.888333333333333
Vietnam,5000,1,2025,2025-07-09,Honey,7.92,7.92,7.92,7.92,7.83,7.92,10.0,10.0,10.0,0.11,0,0,Green,0,2026-07-09,1400.0,Arabica,7.905
Vietnam,300,1,2025,2025-07-09,Natural/Dry,8.17,7.83,7.75,7.92,7.83,7.83,10.0,10.0,10.0,0.11,0,0,Green,0,2026-07-09,1600.0,Arabica,7.888333333333333
Taiwan,1,2,2025,2025-09-26,Washed/Wet,8.0,8.0,7.92,7.92,7.75,7.83,10.0,10.0,10.0,0.094,0,0,Green,0,2026-09-26,1200.0,Arabica,7.903333333333333
Kenya,132,60,2025,2025-03-18,Washed/Wet,8.08,7.92,7.67,7.83,8.0,7.92,10.0,10.0,10.0,0.109,0,0,Green,5,2026-03-18,1950.0,Arabica,7.903333333333333
Guatemala,250,69,2025,2025-05-19,Washed/Wet,7.75,8.0,7.83,8.0,7.92,7.92,10.0,10.0,10.0,0.11,0,0,Green,2,2026-05-19,1447.8,Arabica,7.903333333333333
Vietnam,5000,1,2025,2025-07-09,Washed/Wet,8.08,8.0,7.83,7.92,7.75,7.83,10.0,10.0,10.0,0.11,0,0,Green,0,2026-07-09,1400.0,Arabica,7.901666666666666
Vietnam,200,1,2025,2025-07-09,Natural/Dry,8.08,8.0,7.83,7.83,7.75,7.83,10.0,10.0,10.0,0.11,0,0,Green,0,2026-07-09,1550.0,Arabica,7.886666666666666
Taiwan,1,6,2025,2025-09-12,Washed/Wet,7.92,8.0,7.83,7.92,7.75,7.92,10.0,10.0,10.0,0.116,0,0,Green,0,2026-09-12,600.0,Arabica,7.890000000000001
Thailand,1,10,2024,2024-10-29,Natural/Dry,8.0,8.0,7.92,7.83,7.83,7.83,10.0,10.0,10.0,0.094,0,0,Yellow-Green,0,2025-10-29,1200.0,Arabica,7.901666666666666
Kenya,150,60,2025,2025-03-18,Washed/Wet,8.0,8.0,7.58,7.83,7.92,7.92,10.0,10.0,10.0,0.111,0,0,Green,5,2026-03-18,1975.0,Arabica,7.875
Kenya,960,60,2025,2025-01-21,Washed/Wet,8.0,7.92,7.75,7.75,7.83,8.0,10.0,10.0,10.0,0.11,0,0,Green,1,2026-01-21,1950.0,Arabica,7.875
Ethiopia,840,60,2024,2025-09-26,Natural/Dry,7.92,8.0,7.75,7.92,7.92,7.83,10.0,10.0,10.0,0.102,0,0,Green,2,2026-09-26,2000.0,Arabica,7.890000000000001
Taiwan,1,6,2024,2025-09-12,Natural/Dry,7.92,8.0,7.83,7.83,7.75,7.83,10.0,10.0,10.0,0.122,0,0,Yellow,1,2026-09-12,300.0,Arabica,7.859999999999999
Taiwan,1,8,2024,2024-10-29,Natural/Dry,8.0,7.92,7.67,7.92,7.75,8.0,10.0,10.0,10.0,0.104,0,1,Yellow-Green,0,2025-10-29,600.0,Arabica,7.876666666666666
Thailand,2,10,2023,2024-11-07,Washed/Wet,7.92,8.0,7.83,7.92,7.83,7.75,10.0,10.0,10.0,0.095,0,0,,0,2025-11-07,1350.0,Arabica,7.875
Vietnam,1,2,2025,2025-06-30,Natural/Dry,8.08,7.83,7.75,7.83,7.83,7.92,10.0,10.0,10.0,0.113,0,0,Green,1,2026-06-30,550.0,Arabica,7.873333333333334
Kenya,88,60,2025,2025-03-25,Washed/Wet,7.83,7.75,7.83,8.08,7.83,7.92,10.0,10.0,10.0,0.11,0,0,Green,1,2026-03-25,1975.0,Arabica,7.873333333333334
Kenya,600,30,2025,2025-02-25,Washed/Wet,8.08,7.83,7.75,7.67,8.0,7.83,10.0,10.0,10.0,0.11,0,0,Green,2,2026-02-25,1700.0,Arabica,7.859999999999999
Kenya,1280,60,2025,2025-01-21,Washed/Wet,8.17,7.92,7.75,7.75,7.83,7.83,10.0,10.0,10.0,0.11,0,0,Green,5,2026-01-21,1950.0,Arabica,7.875
"Tanzania, United Republic Of",600,30,2026,2025-09-04,Washed/Wet,7.92,7.92,7.67,7.83,7.92,7.83,10.0,10.0,10.0,0.112,0,0,Green,5,2026-09-04,1624.0,Arabica,7.848333333333333
Thailand,4,25,2025,2025-08-26,Washed/Wet,7.92,7.92,7.83,7.83,7.75,7.83,10.0,10.0,10.0,0.126,0,0,Green,0,2026-08-26,1200.0,Arabica,7.846666666666667
Thailand,20,15,2025,2025-08-26,Natural/Dry,8.0,8.0,7.75,7.75,8.0,7.67,10.0,10.0,10.0,0.139,0,0,Yellow,0,2026-08-26,1400.0,Arabica,7.861666666666667
Thailand,2,25,2024,2024-10-29,Washed/Wet,7.92,7.92,7.75,7.92,7.67,7.83,10.0,10.0,10.0,0.103,0,0,,0,2025-10-29,1200.0,Arabica,7.835
Thailand,10,100,2025,2025-09-23,Natural/Dry,8.0,8.0,7.83,7.83,7.58,7.83,10.0,10.0,10.0,0.106,0,0,Green,4,2026-09-23,1300.0,Arabica,7.844999999999999
Taiwan,1,8,2024,2024-10-29,Natural/Dry,7.83,7.83,7.83,7.83,7.75,7.92,10.0,10.0,10.0,0.112,0,0,Green,3,2025-10-29,180.0,Arabica,7.831666666666667
Colombia,375,70,2025,2025-09-25,Washed/Wet,8.08,7.83,7.67,7.92,7.92,7.75,10.0,10.0,10.0,0.105,0,0,Green,2,2026-09-25,1450.0,Arabica,7.861666666666667
Thailand,1,10,2023,2024-10-29,Washed/Wet,7.83,7.92,7.92,7.92,7.92,7.83,10.0,10.0,10.0,0.108,0,0,,0,2025-10-29,1480.0,Arabica,7.890000000000001
Guatemala,300,30,2025,2025-05-19,Washed/Wet,7.75,8.0,7.67,8.0,7.83,7.92,10.0,10.0,10.0,0.111,0,1,Green,2,2026-05-19,1350.0,Arabica,7.861666666666667
Taiwan,1,5,2025,2025-07-15,Washed/Wet,7.75,7.83,7.83,7.92,7.58,7.92,10.0,10.0,10.0,0.108,0,0,Green,0,2026-07-15,780.0,Arabica,7.805
Taiwan,1,8,2024,2024-10-29,Natural/Dry,7.92,8.08,7.75,7.92,7.67,7.75,10.0,10.0,10.0,0.096,0,0,Green,0,2025-10-29,900.0,Arabica,7.848333333333334
Taiwan,1,2,2025,2025-09-26,Natural/Dry,7.75,8.0,7.92,7.92,7.67,7.92,10.0,10.0,10.0,0.093,0,0,Green,0,2026-09-26,1200.0,Arabica,7.863333333333334
Kenya,65,60,2025,2025-03-18,Washed/Wet,8.0,7.83,7.75,7.75,7.75,8.0,10.0,10.0,10.0,0.108,0,0,Green,5,2026-03-18,1950.0,Arabica,7.846666666666667
Thailand,3,25,2025,2025-08-26,Natural/Dry,7.83,7.92,7.83,7.83,7.83,7.83,10.0,10.0,10.0,0.116,0,0,Green,0,2026-08-26,1250.0,Arabica,7.844999999999999
Taiwan,1,8,2024,2024-10-29,Natural/Dry,7.83,7.92,7.92,8.0,7.75,7.67,10.0,10.0,10.0,0.106,0,0,Green,0,2025-10-29,1100.0,Arabica,7.848333333333334
Brazil,1600,96000,2025,2025-09-23,Natural/Dry,7.67,7.75,7.67,8.0,7.92,7.75,10.0,10.0,10.0,0.11,0,0,Green,0,2026-09-23,1100.0,Arabica,7.793333333333333
Indonesia,1,50,2025,2025-10-13,Natural/Dry,7.92,7.92,7.75,8.17,7.5,7.67,10.0,10.0,10.0,0.116,0,0,Yellow-Green,1,2026-10-13,1400.0,Arabica,7.821666666666666
Taiwan,1,2,2025,2025-09-26,Honey,7.92,7.92,7.75,7.83,7.83,7.75,10.0,10.0,10.0,0.105,0,1,Green,5,2026-09-26,1100.0,Arabica,7.833333333333333
Taiwan,1,8,2024,2024-10-29,Washed/Wet,7.92,7.92,7.75,7.83,7.75,7.83,10.0,10.0,10.0,0.108,0,0,Green,0,2025-10-29,230.0,Arabica,7.833333333333333
Taiwan,1,2,2025,2025-09-26,Washed/Wet,7.83,7.92,7.83,7.83,7.67,7.83,10.0,10.0,10.0,0.114,0,0,Blue-Green,0,2026-09-26,1300.0,Arabica,7.8183333333333325
Colombia,375,70,2025,2025-09-26,Washed/Wet,7.92,7.92,7.83,7.92,7.75,7.75,10.0,10.0,10.0,0.101,0,0,Green,4,2026-09-26,1450.0,Arabica,7.848333333333334
Guatemala,300,30,2025,2025-05-19,Washed/Wet,7.83,7.92,7.67,7.92,7.75,7.83,10.0,10.0,10.0,0.111,0,0,Green,4,2026-05-19,1550.0,Arabica,7.82
Guatemala,115,30,2025,2025-07-02,Washed/Wet,7.83,8.0,7.67,7.75,7.83,7.83,10.0,10.0,10.0,0.112,0,1,Green,4,2026-07-02,1700.0,Arabica,7.8183333333333325
Taiwan,1,8,2024,2024-10-29,Natural/Dry,7.75,7.92,7.75,7.83,7.75,7.75,10.0,10.0,10.0,0.102,0,0,Yellow-Green,0,2025-10-29,950.0,Arabica,7.791666666666667
Thailand,2,10,2023,2024-10-29,Washed/Wet,7.75,7.83,7.92,7.83,7.75,7.75,10.0,10.0,10.0,0.104,0,0,,0,2025-10-29,1300.0,Arabica,7.805
Thailand,4,25,2025,2025-08-26,Natural/Dry,7.75,7.92,7.67,7.83,7.75,7.83,10.0,10.0,10.0,0.119,0,0,Green,0,2026-08-26,1430.0,Arabica,7.791666666666667
Thailand,20,25,2025,2025-08-26,Washed/Wet,7.67,7.75,7.67,7.92,7.83,7.92,10.0,10.0,10.0,0.115,0,0,Green,0,2026-08-26,1400.0,Arabica,7.793333333333333
Taiwan,1,8,2024,2024-10-29,Honey,7.75,7.92,7.67,7.83,7.83,7.75,10.0,10.0,10.0,0.118,0,0,Green,0,2025-10-29,130.0,Arabica,7.791666666666667
Taiwan,1,5,2025,2025-07-15,Honey,8.0,7.92,7.83,7.58,7.5,7.92,10.0,10.0,10.0,0.089,0,1,Yellow-Green,0,2026-07-15,750.0,Arabica,7.791666666666667
Taiwan,1,8,2024,2024-10-29,Natural/Dry,7.67,8.0,7.75,7.92,7.67,7.83,10.0,10.0,10.0,0.104,0,0,Green,0,2025-10-29,1350.0,Arabica,7.8066666666666675
Kenya,150,60,2025,2025-03-25,Washed/Wet,7.75,7.92,7.83,7.83,7.67,7.83,10.0,10.0,10.0,0.11,0,0,Green,5,2026-03-25,1975.0,Arabica,7.805
Ethiopia,320,60,2023,2024-11-27,Washed/Wet,7.83,7.92,7.83,7.83,7.67,7.75,10.0,10.0,10.0,0.105,0,0,Yellow-Green,1,2025-11-27,2000.0,Arabica,7.805
Vietnam,30,30,2025,2025-05-08,Washed/Wet,8.08,7.83,7.67,8.0,7.58,7.67,10.0,10.0,10.0,0.12,0,0,Green,0,2026-05-08,1600.0,Arabica,7.805
Thailand,1,10,2023,2024-10-29,Natural/Dry,8.0,7.92,7.75,7.67,7.67,7.75,10.0,10.0,10.0,0.103,0,0,Yellow-Green,0,2025-10-29,1500.0,Arabica,7.793333333333334
Taiwan,1,6,2025,2025-09-12,Natural/Dry,7.83,8.0,7.92,7.67,7.58,7.75,10.0,10.0,10.0,0.101,0,0,Yellow-Green,2,2026-09-12,400.0,Arabica,7.791666666666667
Thailand,1,10,2024,2024-10-29,Honey,7.75,8.08,7.58,7.83,7.83,7.75,10.0,10.0,10.0,0.133,0,0,Yellow-Green,2,2025-10-29,1150.0,Arabica,7.803333333333334
Vietnam,1,2,2025,2025-07-14,Natural/Dry,8.17,7.75,7.67,7.75,7.58,7.83,10.0,10.0,10.0,0.119,0,0,Brown,1,2026-07-14,700.0,Arabica,7.791666666666667
Taiwan,1,8,2023,2024-10-29,Natural/Dry,7.92,7.75,7.83,7.75,7.67,7.83,10.0,10.0,10.0,0.101,0,0,Yellow-Green,0,2025-10-29,880.0,Arabica,7.791666666666667
Guatemala,600,30,2025,2025-05-02,Washed/Wet,7.67,7.92,7.67,7.92,7.75,7.75,10.0,10.0,10.0,0.104,0,1,Green,1,2026-05-02,1600.0,Arabica,7.78
Thailand,1,10,2024,2024-10-29,Honey,7.83,8.0,7.5,7.92,7.67,7.83,10.0,10.0,10.0,0.081,0,0,Green,0,2025-10-29,1100.0,Arabica,7.791666666666667
Taiwan,1,6,2024,2025-09-12,Natural/Dry,7.92,7.75,7.75,7.75,7.67,7.83,10.0,10.0,10.0,0.111,0,0,Yellow-Green,3,2026-09-12,200.0,Arabica,7.778333333333333
Thailand,3,25,2025,2025-08-26,Honey,7.75,8.0,7.42,7.92,7.83,7.75,10.0,10.0,10.0,0.107,0,0,Brown,3,2026-08-26,1250.0,Arabica,7.778333333333333
Thailand,1,10,2020,2024-10-29,Washed/Wet,7.83,7.92,7.67,7.83,7.75,7.75,10.0,10.0,10.0,0.101,0,0,,0,2025-10-29,1500.0,Arabica,7.791666666666667
Thailand,1,10,2024,2024-11-07,Natural/Dry,8.0,8.0,7.67,7.75,7.67,7.75,10.0,10.0,10.0,0.092,0,0,Green,0,2025-11-07,1400.0,Arabica,7.8066666666666675
Thailand,12,25,2024,2024-10-29,Washed/Wet,7.92,7.67,7.67,7.83,7.75,7.83,10.0,10.0,10.0,0.109,0,0,,0,2025-10-29,1400.0,Arabica,7.778333333333332
Taiwan,1,2,2025,2025-09-26,Washed/Wet,8.0,7.75,7.75,7.75,7.67,7.75,10.0,10.0,10.0,0.102,0,1,Blue-Green,5,2026-09-26,1100.0,Arabica,7.778333333333333
Thailand,2,10,2023,2024-11-07,Natural/Dry,7.75,7.92,7.75,7.92,7.58,7.75,10.0,10.0,10.0,0.093,0,0,Yellow-Green,0,2025-11-07,1350.0,Arabica,7.778333333333333
Thailand,2,1000,2024,2024-10-29,Natural/Dry,8.0,8.0,7.58,7.92,7.58,7.58,10.0,10.0,10.0,0.087,0,0,Yellow,3,2025-10-29,1400.0,Arabica,7.776666666666666
Thailand,1,30,2025,2025-08-26,Honey,7.83,7.92,7.83,7.92,7.83,7.83,9.33,10.0,10.0,0.133,0,0,Green,0,2026-08-26,850.0,Arabica,7.859999999999999
Taiwan,1,6,2024,2025-09-12,Honey,7.67,7.83,7.75,7.83,7.75,7.75,10.0,10.0,10.0,0.118,0,0,Blue-Green,0,2026-09-12,220.0,Arabica,7.763333333333333
Thailand,1,10,2024,2024-10-29,Honey,8.0,8.0,7.58,7.83,7.75,7.58,10.0,10.0,10.0,0.102,0,0,Green,1,2025-10-29,1250.0,Arabica,7.789999999999999
Guatemala,250,35,2025,2025-06-02,Washed/Wet,7.75,8.0,7.58,7.83,7.75,7.75,10.0,10.0,10.0,0.106,0,3,Green,6,2026-06-02,1500.0,Arabica,7.776666666666666
Brazil,1600,96000,2025,2025-09-29,Natural/Dry,7.75,7.75,7.67,7.75,7.75,7.75,10.0,10.0,10.0,0.115,0,0,Green,2,2026-09-29,1100.0,Arabica,7.736666666666667
Indonesia,1,2,2024,2024-12-27,Honey,7.92,7.92,7.5,8.08,7.58,7.58,10.0,10.0,10.0,0.119,0,0,Yellow,1,2025-12-27,1300.0,Arabica,7.763333333333333
Taiwan,1,6,2025,2025-09-12,Honey,7.75,7.75,7.75,7.75,7.75,7.83,10.0,10.0,10.0,0.093,0,0,Green,2,2026-09-12,300.0,Arabica,7.763333333333333
Thailand,2,25,2024,2024-10-29,Washed/Wet,8.0,8.17,8.08,8.08,7.92,8.0,8.0,10.0,10.0,0.099,0,0,Green,0,2025-10-29,1200.0,Arabica,8.041666666666666
Taiwan,1,5,2025,2025-03-19,Natural/Dry,7.92,7.92,7.83,7.58,7.75,7.67,10.0,10.0,10.0,0.102,0,0,Yellow-Green,2,2026-03-19,400.0,Arabica,7.778333333333333
Colombia,600,30,2024,2024-12-05,Washed/Wet,7.83,7.75,7.67,7.92,7.83,7.67,10.0,10.0,10.0,0.111,0,2,Green,3,2025-12-05,1700.0,Arabica,7.778333333333333
Brazil,1280,76800,2025,2025-09-22,Natural/Dry,7.83,7.83,7.5,7.75,7.75,7.75,10.0,10.0,10.0,0.11,0,0,Green,2,2026-09-22,1100.0,Arabica,7.734999999999999
Taiwan,1,2,2025,2025-09-26,Washed/Wet,7.83,7.67,7.75,7.83,7.67,7.83,10.0,10.0,10.0,0.09,0,0,Blue-Green,0,2026-09-26,1300.0,Arabica,7.763333333333333
Taiwan,1,5,2025,2025-07-15,Washed/Wet,8.17,7.92,8.0,7.75,7.75,7.42,10.0,10.0,10.0,0.106,0,0,Green,0,2026-07-15,700.0,Arabica,7.835000000000001
Taiwan,1,5,2025,2025-07-15,Washed/Wet,7.92,7.83,7.75,7.67,7.75,7.75,10.0,10.0,10.0,0.084,0,1,Green,0,2026-07-15,680.0,Arabica,7.778333333333333
Taiwan,1,8,2024,2024-10-29,Natural/Dry,7.83,7.83,7.67,7.83,7.58,7.75,10.0,10.0,10.0,0.102,0,0,Green,0,2025-10-29,1200.0,Arabica,7.748333333333332
Taiwan,1,2,2025,2025-09-18,Washed/Wet,7.75,7.75,7.75,7.75,7.75,7.75,10.0,10.0,10.0,0.103,0,0,Blue-Green,0,2026-09-18,1200.0,Arabica,7.75
Taiwan,1,5,2025,2025-07-15,Natural/Dry,7.67,7.83,7.75,7.67,7.67,7.75,10.0,10.0,10.0,0.084,0,0,Green,0,2026-07-15,700.0,Arabica,7.723333333333334
Taiwan,1,8,2025,2025-03-19,Washed/Wet,7.67,7.75,7.75,7.83,7.58,7.75,10.0,10.0,10.0,0.113,0,0,Blue-Green,0,2026-03-19,580.0,Arabica,7.721666666666667
Kenya,300,60,2025,2025-07-28,Washed/Wet,7.83,7.58,7.67,8.0,7.58,7.5,10.0,10.0,10.0,0.11,0,0,Green,1,2026-07-28,3000.0,Arabica,7.6933333333333325
Taiwan,1,2,2025,2025-09-26,Washed/Wet,7.92,7.75,7.58,7.67,7.42,7.75,10.0,10.0,10.0,0.093,0,0,Blue-Green,0,2026-09-26,1250.0,Arabica,7.6816666666666675
Brazil,1600,96000,2025,2025-09-22,Natural/Dry,7.67,7.67,7.58,7.75,7.75,7.67,10.0,10.0,10.0,0.116,0,1,Green,5,2026-09-22,1100.0,Arabica,7.6816666666666675
Japan,20,1,2025,2025-09-26,Natural/Dry,7.58,7.67,7.75,7.58,7.75,7.75,10.0,10.0,10.0,0.106,0,0,Green,0,2026-09-26,89.0,Arabica,7.68
Taiwan,1,2,2025,2025-09-26,Honey,7.67,7.75,7.67,7.67,7.75,7.67,10.0,10.0,10.0,0.105,0,0,Green,2,2026-09-26,1100.0,Arabica,7.696666666666666
Taiwan,1,2,2025,2025-09-18,Washed/Wet,7.75,7.75,7.75,7.67,7.5,7.67,10.0,10.0,10.0,0.112,0,0,Blue-Green,14,2026-09-18,1050.0,Arabica,7.6816666666666675
Guatemala,600,30,2025,2025-04-23,Washed/Wet,7.67,7.75,7.5,7.83,7.67,7.67,10.0,10.0,10.0,0.105,0,1,Green,12,2026-04-23,1500.0,Arabica,7.6816666666666675
Japan,1,20,2024,2025-07-15,Washed/Wet,7.67,7.67,7.75,7.75,7.58,7.67,10.0,10.0,10.0,0.101,0,0,Green,0,2026-07-15,103.0,Arabica,7.6816666666666675
Thailand,350,40,2024,2024-11-07,Washed/Wet,7.92,7.67,7.67,7.5,7.58,7.67,10.0,10.0,10.0,0.1,0,0,Green,0,2025-11-07,1100.0,Arabica,7.668333333333333
Taiwan,1,2,2025,2025-09-26,Natural/Dry,7.67,7.75,7.67,7.67,7.58,7.67,10.0,10.0,10.0,0.105,0,0,Green,0,2026-09-26,1200.0,Arabica,7.668333333333333
Kenya,320,60,2024,2024-12-12,Washed/Wet,8.0,7.67,7.58,7.5,7.58,7.58,10.0,10.0,10.0,0.11,0,0,Green,5,2025-12-12,1950.0,Arabica,7.651666666666666
Taiwan,1,6,2024,2025-09-12,Honey,7.58,7.67,7.75,7.75,7.67,7.67,10.0,10.0,10.0,0.111,0,0,Green,0,2026-09-12,230.0,Arabica,7.6816666666666675
Kenya,960,60,2024,2024-12-12,Washed/Wet,8.0,7.67,7.42,7.5,7.67,7.67,10.0,10.0,10.0,0.11,0,0,Green,5,2025-12-12,1950.0,Arabica,7.655
Taiwan,1,2,2025,2025-09-18,Washed/Wet,7.83,7.75,7.58,7.75,7.5,7.67,10.0,10.0,10.0,0.152,1,0,Green,10,2026-09-18,200.0,Arabica,7.68
Vietnam,334,30,2024,2024-11-08,Washed/Wet,7.83,7.92,7.58,7.67,7.42,7.58,10.0,10.0,10.0,0.119,0,0,Green,0,2025-11-08,1600.0,Arabica,7.666666666666667
"Tanzania, United Republic Of",320,60,2025,2025-04-01,Washed/Wet,7.67,7.58,7.58,7.75,7.67,7.67,10.0,10.0,10.0,0.119,0,0,Green,24,2026-04-01,1500.0,Arabica,7.653333333333333
Indonesia,1,2,2024,2024-12-27,Washed/Wet,7.75,7.75,7.42,7.75,7.83,7.83,9.33,10.0,10.0,0.136,0,1,Green,4,2025-12-27,1275.0,Arabica,7.721666666666667
Indonesia,1,2,2024,2024-12-27,Washed/Wet,7.58,7.58,7.83,7.58,7.58,7.67,10.0,10.0,10.0,0.126,0,3,Green,0,2025-12-27,1000.0,Arabica,7.636666666666667
Ethiopia,320,60,2025,2025-08-20,Washed/Wet,7.75,7.75,7.58,7.75,7.5,7.5,10.0,10.0,10.0,0.09,0,0,Green,1,2026-08-20,1850.0,Arabica,7.638333333333333
Indonesia,1,2,2024,2024-12-27,Washed/Wet,7.58,7.75,7.67,7.58,7.67,7.5,10.0,10.0,10.0,0.131,0,4,Green,6,2025-12-27,1425.0,Arabica,7.625
Indonesia,1,50,2025,2025-10-13,Washed/Wet,7.67,7.67,7.5,7.92,7.42,7.67,10.0,10.0,10.0,0.108,0,0,Blue-Green,0,2026-10-13,1400.0,Arabica,7.641666666666667
Taiwan,1,15,2025,2025-09-18,Washed/Wet,7.67,7.67,7.58,7.67,7.58,7.67,10.0,10.0,10.0,0.114,0,0,Green,0,2026-09-18,1400.0,Arabica,7.640000000000001
Taiwan,1,15,2025,2025-09-18,Washed/Wet,7.83,7.75,7.58,7.58,7.58,7.58,10.0,10.0,10.0,0.105,0,0,Green,0,2026-09-18,1400.0,Arabica,7.6499999999999995
Taiwan,1,2,2024,2025-09-26,Natural/Dry,7.75,7.67,7.58,7.67,7.58,7.58,10.0,10.0,10.0,0.1,0,0,Green,0,2026-09-26,400.0,Arabica,7.638333333333333
Honduras,550,69,2025,2025-02-14,Washed/Wet,7.75,7.67,7.58,7.58,7.58,7.58,10.0,10.0,10.0,0.113,0,2,Green,5,2026-02-14,1200.0,Arabica,7.623333333333332
Colombia,600,30,2025,2025-09-03,Washed/Wet,7.67,7.75,7.58,7.5,7.58,7.67,10.0,10.0,10.0,0.115,0,0,Green,3,2026-09-03,1500.0,Arabica,7.625
Taiwan,1,2,2024,2025-09-26,Natural/Dry,7.75,7.67,7.58,7.58,7.58,7.58,10.0,10.0,10.0,0.101,0,0,Yellow-Green,0,2026-09-26,400.0,Arabica,7.623333333333332
Papua New Guinea,600,30,2025,2025-07-23,Washed/Wet,7.67,7.75,7.5,7.75,7.5,7.5,10.0,10.0,10.0,0.106,0,3,Green,5,2026-07-23,1850.0,Arabica,7.611666666666667
Indonesia,1,2,2024,2024-12-27,Washed/Wet,7.67,7.75,7.5,7.58,7.67,7.58,10.0,10.0,10.0,0.12,0,7,Green,5,2025-12-27,1200.0,Arabica,7.625
"Tanzania, United Republic Of",600,30,2026,2025-09-26,Washed/Wet,7.75,7.5,7.5,7.75,7.75,7.5,10.0,10.0,10.0,0.11,0,0,Green,0,2026-09-26,1400.0,Arabica,7.625
Taiwan,1,2,2025,2025-09-26,Natural/Dry,7.75,7.67,7.67,7.5,7.58,7.58,10.0,10.0,10.0,0.095,0,0,Yellow,0,2026-09-26,1250.0,Arabica,7.625
Taiwan,1,2,2025,2025-09-26,Washed/Wet,7.67,7.67,7.67,7.58,7.58,7.58,10.0,10.0,10.0,0.101,0,0,Green,3,2026-09-26,1100.0,Arabica,7.624999999999999
Colombia,600,30,2025,2025-10-07,Washed/Wet,7.75,7.58,7.58,7.67,7.58,7.58,10.0,10.0,10.0,0.11,0,0,Green,2,2026-10-07,1959.0,Arabica,7.623333333333332
Vietnam,4000,1,2025,2025-08-18,Natural/Dry,7.83,7.58,7.67,7.58,7.58,7.42,10.0,10.0,10.0,0.11,0,0,Green,0,2026-08-18,1650.0,Arabica,7.609999999999999
Brazil,1600,96000,2025,2025-09-22,Natural/Dry,7.5,7.58,7.5,7.67,7.67,7.5,10.0,10.0,10.0,0.115,0,1,Green,5,2026-09-22,1100.0,Arabica,7.57
Colombia,530,35,2025,2025-08-21,Washed/Wet,7.75,7.75,7.42,7.75,7.58,7.58,10.0,10.0,10.0,0.107,0,0,Green,2,2026-08-21,1700.0,Arabica,7.638333333333333
Vietnam,8,60,2025,2025-09-29,Washed/Wet,7.92,7.67,7.42,7.5,7.58,7.5,10.0,10.0,10.0,0.127,0,0,Green,0,2026-09-29,850.0,Arabica,7.598333333333333
Indonesia,1,2,2025,2025-05-29,Washed/Wet,7.5,7.58,7.5,7.67,7.58,7.75,10.0,10.0,10.0,0.13,0,0,Green,5,2026-05-29,1590.0,Arabica,7.596666666666667
Taiwan,1,2,2025,2025-09-26,Natural/Dry,7.75,7.58,7.58,7.67,7.5,7.5,10.0,10.0,10.0,0.096,0,0,Green,1,2026-09-26,100.0,Arabica,7.596666666666667
Taiwan,1,20,2021,2025-09-18,Washed/Wet,7.67,7.67,7.67,7.58,7.42,7.5,10.0,10.0,10.0,0.105,0,0,Green,0,2026-09-18,1350.0,Arabica,7.585
Taiwan,1,2,2025,2025-09-26,Honey,7.58,7.58,7.58,7.67,7.5,7.58,10.0,10.0,10.0,0.101,0,0,Green,0,2026-09-26,1200.0,Arabica,7.581666666666667
Colombia,770,25,2024,2024-11-08,Washed/Wet,7.75,7.5,7.33,7.67,7.75,7.58,10.0,10.0,10.0,0.11,0,2,Green,4,2025-11-08,1800.0,Arabica,7.596666666666667
Ethiopia,320,60,2023,2024-11-27,Natural/Dry,7.67,7.67,7.5,7.67,7.42,7.5,10.0,10.0,10.0,0.104,0,0,Yellow,0,2025-11-27,1943.5,Arabica,7.571666666666666
Taiwan,1,2,2024,2025-09-26,Washed/Wet,7.58,7.58,7.58,7.58,7.58,7.5,10.0,10.0,10.0,0.119,0,0,Green,0,2026-09-26,100.0,Arabica,7.566666666666666
Colombia,375,70,2025,2025-09-04,Washed/Wet,7.67,7.58,7.5,7.5,7.5,7.58,10.0,10.0,10.0,0.109,0,0,Green,3,2026-09-04,1590.0,Arabica,7.555
Taiwan,1,2,2025,2025-09-26,Honey,7.67,7.58,7.58,7.5,7.5,7.58,10.0,10.0,10.0,0.09,0,0,Blue-Green,1,2026-09-26,300.0,Arabica,7.5683333333333325
Uganda,320,60,2025,2025-04-17,Washed/Wet,7.75,7.67,7.5,7.33,7.58,7.58,10.0,10.0,10.0,0.115,0,0,Green,5,2026-04-17,1700.0,Arabica,7.5683333333333325
Colombia,770,25,2025,2025-06-02,Washed/Wet,7.58,7.5,7.5,7.75,7.42,7.5,10.0,10.0,10.0,0.118,1,0,Green,2,2026-06-02,1800.0,Arabica,7.541666666666667
Thailand,1,20,2020,2024-11-07,Natural/Dry,7.67,7.67,7.42,7.42,7.58,7.5,10.0,10.0,10.0,0.107,0,0,Blue-Green,0,2025-11-07,1250.0,Arabica,7.543333333333333
Nicaragua,600,30,2025,2025-08-11,Washed/Wet,7.67,7.58,7.42,7.5,7.58,7.5,10.0,10.0,10.0,0.108,0,1,Green,2,2026-08-11,1100.0,Arabica,7.541666666666667
Indonesia,1,2,2021,2025-05-29,Washed/Wet,7.5,7.67,7.33,7.58,7.58,7.58,10.0,10.0,10.0,0.131,0,2,Green,3,2026-05-29,1550.0,Arabica,7.539999999999999
Ethiopia,302,60,2025,2025-09-10,Washed/Wet,7.75,7.75,7.33,7.58,7.42,7.5,10.0,10.0,10.0,0.113,0,19,Blue-Green,5,2026-09-10,1800.0,Arabica,7.555
Indonesia,1,2,2024,2024-12-27,Washed/Wet,7.5,7.5,7.42,7.67,7.58,7.58,10.0,10.0,10.0,0.12,0,2,Green,5,2025-12-27,1100.0,Arabica,7.541666666666667
Thailand,2,10,2024,2024-11-07,Natural/Dry,7.58,7.5,7.5,7.58,7.58,7.5,10.0,10.0,10.0,0.101,0,0,Yellow,1,2025-11-07,1400.0,Arabica,7.539999999999999
Indonesia,1,2,2025,2025-05-29,Washed/Wet,7.58,7.67,7.42,7.58,7.33,7.5,10.0,10.0,10.0,0.13,0,0,Green,4,2026-05-29,1600.0,Arabica,7.513333333333333
Taiwan,1,2,2025,2025-09-26,Honey,7.58,7.5,7.58,7.5,7.58,7.5,10.0,10.0,10.0,0.12,0,0,Yellow,4,2026-09-26,1100.0,Arabica,7.54
Indonesia,1,2,2024,2024-12-27,Natural/Dry,7.75,7.58,7.33,7.58,7.67,7.25,10.0,10.0,10.0,0.119,3,1,Yellow,5,2025-12-27,1250.0,Arabica,7.526666666666667
Guatemala,275,69,2024,2025-01-02,Washed/Wet,7.67,7.58,7.58,7.5,7.42,7.5,10.0,10.0,10.0,0.114,0,0,Yellow,0,2026-01-02,1600.0,Arabica,7.541666666666667
Taiwan,1,2,2025,2025-09-26,Washed/Wet,7.58,7.5,7.42,7.5,7.58,7.58,10.0,10.0,10.0,0.103,0,0,Yellow-Green,3,2026-09-26,1100.0,Arabica,7.526666666666666
El Salvador,600,30,2025,2025-04-30,Washed/Wet,7.75,7.58,7.33,7.58,7.58,7.33,10.0,10.0,10.0,0.116,0,0,Blue-Green,2,2026-04-30,1200.0,Arabica,7.5249999999999995
Colombia,530,35,2025,2025-07-23,Washed/Wet,7.67,7.58,7.33,7.5,7.58,7.42,10.0,10.0,10.0,0.111,0,0,Green,3,2026-07-23,1700.0,Arabica,7.513333333333333
Nicaragua,300,30,2024,2025-03-07,Washed/Wet,7.58,7.5,7.5,7.5,7.5,7.5,10.0,10.0,10.0,0.114,0,0,Green,1,2026-03-07,1800.0,Arabica,7.513333333333333
Colombia,600,30,2025,2025-05-08,Washed/Wet,7.75,7.67,7.33,7.5,7.42,7.58,10.0,10.0,10.0,0.12,0,0,Green,1,2026-05-08,1700.0,Arabica,7.541666666666667
Colombia,275,70,2024,2025-02-07,Washed/Wet,7.67,7.58,7.5,7.58,7.33,7.5,10.0,10.0,10.0,0.118,0,1,Green,2,2026-02-07,1800.0,Arabica,7.526666666666666
Taiwan,1,2,2025,2025-09-18,Honey,7.75,7.5,7.5,7.58,7.33,7.5,10.0,10.0,10.0,0.118,0,0,Green,8,2026-09-18,100.0,Arabica,7.526666666666666
Taiwan,1,6,2025,2025-09-17,Washed/Wet,7.58,7.58,7.42,7.5,7.5,7.5,10.0,10.0,10.0,0.113,0,1,Green,1,2026-09-17,250.0,Arabica,7.513333333333333
Indonesia,3,50,2024,2025-02-05,Washed/Wet,7.5,7.58,7.58,7.42,7.58,7.42,10.0,10.0,10.0,0.119,0,3,Green,3,2026-02-05,2000.0,Arabica,7.513333333333333
Kenya,59,60,2025,2025-03-25,Washed/Wet,8.0,8.0,8.0,8.0,7.92,8.0,10.0,10.0,6.67,0.11,0,0,Green,3,2026-03-25,1620.0,Arabica,7.986666666666667
Taiwan,1,2,2025,2025-09-26,Natural/Dry,7.58,7.67,7.5,7.5,7.5,7.42,10.0,10.0,10.0,0.101,0,0,Green,0,2026-09-26,1350.0,Arabica,7.528333333333333
Costa Rica,1,1,2025,2025-02-20,Honey,7.58,7.58,7.5,7.42,7.5,7.5,10.0,10.0,10.0,0.105,0,9,Yellow,1,2026-02-20,1220.0,Arabica,7.513333333333333
Ethiopia,320,60,2024,2024-11-25,Washed/Wet,7.58,7.5,7.58,7.42,7.5,7.5,10.0,10.0,10.0,0.123,0,0,Green,0,2025-11-25,1850.0,Arabica,7.513333333333333
Taiwan,1,2,2025,2025-09-26,Honey,7.58,7.58,7.58,7.5,7.42,7.42,10.0,10.0,10.0,0.102,0,0,Green,1,2026-09-26,1100.0,Arabica,7.5133333333333345
Taiwan,1,6,2025,2025-09-12,Honey,7.67,7.58,7.42,7.5,7.42,7.42,10.0,10.0,10.0,0.096,0,0,Green,1,2026-09-12,380.0,Arabica,7.501666666666668
Indonesia,1,2,2024,2024-12-27,Natural/Dry,7.75,7.67,7.5,7.58,7.58,7.5,9.33,10.0,10.0,0.123,0,1,Green,0,2025-12-27,1275.0,Arabica,7.596666666666667
Guatemala,275,69,2024,2025-01-02,Washed/Wet,7.5,7.58,7.42,7.5,7.5,7.5,10.0,10.0,10.0,0.116,0,0,Yellow-Green,0,2026-01-02,396.24,Arabica,7.5
Mexico,600,18000,2025,2025-05-19,Washed/Wet,7.5,7.5,7.33,7.58,7.58,7.5,10.0,10.0,10.0,0.112,0,0,Green,2,2026-05-19,985.0,Arabica,7.498333333333332
Papua New Guinea,300,60,2023,2024-11-27,Washed/Wet,7.42,7.58,7.5,7.58,7.42,7.42,10.0,10.0,10.0,0.114,2,0,Green,12,2025-11-27,1800.0,Arabica,7.486666666666667
Taiwan,1,2,2025,2025-09-26,Honey,7.5,7.5,7.5,7.42,7.58,7.5,10.0,10.0,10.0,0.111,0,1,Yellow-Green,2,2026-09-26,1100.0,Arabica,7.5
Guatemala,115,30,2025,2025-06-26,Washed/Wet,7.75,7.83,7.67,7.83,7.83,7.75,9.33,9.33,10.0,0.114,0,4,Green,9,2026-06-26,1700.0,Arabica,7.776666666666666
Colombia,375,70,2025,2025-10-13,Washed/Wet,7.58,7.67,7.33,7.5,7.42,7.42,10.0,10.0,10.0,0.099,0,0,Green,4,2026-10-13,1450.0,Arabica,7.486666666666667
Taiwan,1,2,2025,2025-09-26,Natural/Dry,7.58,7.5,7.5,7.5,7.42,7.42,10.0,10.0,10.0,0.121,0,1,Yellow,9,2026-09-26,1100.0,Arabica,7.486666666666667
Taiwan,1,2,2025,2025-09-26,Honey,7.5,7.42,7.42,7.5,7.58,7.5,10.0,10.0,10.0,0.095,0,0,Green,2,2026-09-26,1100.0,Arabica,7.486666666666667
Taiwan,1,2,2024,2025-09-26,Natural/Dry,7.67,7.42,7.42,7.58,7.42,7.42,10.0,10.0,10.0,0.117,0,0,Green,0,2026-09-26,400.0,Arabica,7.488333333333333
Indonesia,1,2,2024,2024-12-27,Washed/Wet,7.42,7.58,7.5,7.5,7.42,7.5,10.0,10.0,10.0,0.129,0,3,Green,0,2025-12-27,1000.0,Arabica,7.486666666666667
Indonesia,1,2,2024,2024-12-27,Washed/Wet,7.83,7.67,7.67,7.58,7.58,7.67,8.67,10.0,10.0,0.123,0,3,Green,1,2025-12-27,1000.0,Arabica,7.666666666666667
Sri Lanka,20,600,2025,2025-06-02,Natural/Dry,7.58,7.42,7.42,7.5,7.42,7.42,10.0,10.0,10.0,0.105,0,0,Green,1,2026-06-02,1150.0,Arabica,7.460000000000001
Indonesia,1,2,2024,2024-12-27,Washed/Wet,7.5,7.33,7.33,7.58,7.5,7.42,10.0,10.0,10.0,0.116,0,2,Blue-Green,6,2025-12-27,1000.0,Arabica,7.443333333333334
Vietnam,1,2,2025,2025-03-05,Washed/Wet,7.5,7.42,7.33,7.5,7.42,7.5,10.0,10.0,10.0,0.116,0,0,Green,1,2026-03-05,1000.0,Arabica,7.445
Taiwan,1,2,2025,2025-09-26,Honey,7.58,7.58,7.33,7.5,7.33,7.42,10.0,10.0,10.0,0.111,0,0,Yellow,0,2026-09-26,1200.0,Arabica,7.456666666666667
Indonesia,1,2,2025,2025-06-25,Washed/Wet,7.58,7.58,7.33,7.42,7.33,7.5,10.0,10.0,10.0,0.144,0,1,Green,5,2026-06-25,1680.0,Arabica,7.456666666666667
Indonesia,1,50,2024,2025-02-05,Natural/Dry,7.67,7.5,7.33,7.5,7.33,7.42,10.0,10.0,10.0,0.122,0,2,Green,2,2026-02-05,1600.0,Arabica,7.458333333333333
Indonesia,4,50,2024,2025-02-04,Natural/Dry,7.42,7.58,7.33,7.58,7.5,7.33,10.0,10.0,10.0,0.122,0,0,Yellow,5,2026-02-04,1180.0,Arabica,7.456666666666666
Taiwan,1,6,2024,2025-09-12,Washed/Wet,7.58,7.42,7.33,7.33,7.42,7.5,10.0,10.0,10.0,0.129,0,0,Blue-Green,0,2026-09-12,230.0,Arabica,7.43
Indonesia,1,2,2024,2024-12-27,Washed/Wet,7.42,7.67,7.42,7.33,7.5,7.42,10.0,10.0,10.0,0.122,0,9,Green,4,2025-12-27,1250.0,Arabica,7.46
Colombia,375,70,2021,2025-05-27,Washed/Wet,7.5,7.5,7.33,7.42,7.42,7.42,10.0,10.0,10.0,0.102,5,18,Green,16,2026-05-27,1450.0,Arabica,7.4316666666666675
Indonesia,1,2,2024,2024-12-27,Washed/Wet,7.58,7.58,7.33,7.75,7.58,7.42,9.33,10.0,10.0,0.119,0,0,Green,1,2025-12-27,1250.0,Arabica,7.54
Vietnam,1,60,2025,2025-05-19,Natural/Dry,7.67,7.58,7.17,7.58,7.42,7.25,10.0,10.0,10.0,0.125,0,1,Green,1,2026-05-19,1550.0,Arabica,7.445
Vietnam,1,2,2026,2025-04-07,Natural/Dry,7.42,7.5,7.33,7.5,7.33,7.5,10.0,10.0,10.0,0.12,0,0,Green,1,2026-04-07,1450.0,Arabica,7.43
Panama,250,30,2025,2025-05-08,Washed/Wet,7.5,7.42,7.42,7.42,7.58,7.33,10.0,10.0,10.0,0.105,0,2,Green,1,2026-05-08,1500.0,Arabica,7.444999999999999
Taiwan,1,2,2025,2025-09-26,Natural/Dry,7.67,7.5,7.42,7.25,7.5,7.25,10.0,10.0,10.0,0.105,10,0,Brown,2,2026-09-26,1100.0,Arabica,7.4316666666666675
Vietnam,1,2,2025,2025-03-05,Honey,7.5,7.42,7.33,7.5,7.33,7.33,10.0,10.0,10.0,0.111,0,0,Green,0,2026-03-05,1000.0,Arabica,7.401666666666666
Colombia,375,70,2025,2025-05-30,Washed/Wet,7.42,7.25,7.42,7.5,7.42,7.42,10.0,10.0,10.0,0.114,0,0,Green,2,2026-05-30,1450.0,Arabica,7.405
Colombia,375,70,2025,2025-09-26,Washed/Wet,7.5,7.42,7.17,7.5,7.5,7.42,10.0,10.0,10.0,0.111,0,0,Green,3,2026-09-26,1450.0,Arabica,7.418333333333334
Thailand,10,100,2025,2025-09-23,Washed/Wet,7.5,7.5,7.25,7.42,7.58,7.25,10.0,10.0,10.0,0.1,0,0,Green,1,2026-09-23,1300.0,Arabica,7.416666666666667
Taiwan,1,2,2025,2025-09-26,Washed/Wet,7.5,7.42,7.33,7.33,7.42,7.42,10.0,10.0,10.0,0.113,0,0,Green,2,2026-09-26,1200.0,Arabica,7.403333333333333
Taiwan,1,2,2024,2025-09-26,Natural/Dry,7.58,7.42,7.33,7.33,7.42,7.33,10.0,10.0,10.0,0.113,0,0,Green,0,2026-09-26,450.0,Arabica,7.401666666666666
Taiwan,1,2,2025,2025-09-26,Natural/Dry,7.42,7.5,7.5,7.25,7.33,7.33,10.0,10.0,10.0,0.112,0,1,Green,4,2026-09-26,1100.0,Arabica,7.388333333333333
Taiwan,1,2,2025,2025-09-26,Washed/Wet,7.42,7.42,7.33,7.5,7.33,7.33,10.0,10.0,10.0,0.09,0,0,Blue-Green,0,2026-09-26,400.0,Arabica,7.388333333333333
Indonesia,1,2,2024,2024-12-27,Natural/Dry,7.42,7.33,7.25,7.33,7.5,7.42,10.0,10.0,10.0,0.103,25,3,Brown,1,2025-12-27,1050.0,Arabica,7.375
Indonesia,1,2,2024,2024-12-27,Washed/Wet,7.42,7.42,7.33,7.42,7.42,7.42,10.0,10.0,10.0,0.123,0,7,Green,2,2025-12-27,1000.0,Arabica,7.405000000000001
Indonesia,1,50,2024,2025-02-04,Honey,7.5,7.42,7.17,7.67,7.25,7.33,10.0,10.0,10.0,0.122,0,0,Green,2,2026-02-04,1750.0,Arabica,7.39
Taiwan,1,50,2025,2025-09-18,Honey,7.42,7.33,7.25,7.5,7.33,7.42,10.0,10.0,10.0,0.112,0,0,Green,0,2026-09-18,1200.0,Arabica,7.375
Taiwan,1,2,2025,2025-09-26,Washed/Wet,7.42,7.33,7.33,7.42,7.42,7.33,10.0,10.0,10.0,0.104,0,0,Green,5,2026-09-26,1100.0,Arabica,7.375
Mexico,1,2,2025,2025-05-08,Natural/Dry,7.5,7.33,7.17,7.42,7.42,7.33,10.0,10.0,10.0,0.094,0,23,Yellow,11,2026-05-08,1133.0,Arabica,7.361666666666667
Brazil,360,60,2025,2025-04-02,Natural/Dry,7.25,7.42,7.17,7.25,7.67,7.42,10.0,10.0,10.0,0.107,0,3,Green,6,2026-04-02,1000.0,Arabica,7.363333333333333
Peru,275,69,2026,2025-10-20,Washed/Wet,7.58,7.33,7.17,7.5,7.33,7.25,10.0,10.0,10.0,0.113,0,0,Green,2,2026-10-20,1600.0,Arabica,7.359999999999999
Nicaragua,275,69,2025,2025-05-19,Washed/Wet,7.25,7.33,7.17,7.5,7.5,7.33,10.0,10.0,10.0,0.103,0,1,Green,1,2026-05-19,1350.0,Arabica,7.346666666666667
Vietnam,1,2,2025,2025-03-05,Honey,7.5,7.33,7.25,7.33,7.42,7.25,10.0,10.0,10.0,0.108,0,0,Green,2,2026-03-05,1000.0,Arabica,7.346666666666667
Taiwan,1,2,2025,2025-09-26,Washed/Wet,7.17,7.42,7.33,7.33,7.5,7.33,10.0,10.0,10.0,0.105,0,0,Green,4,2026-09-26,1100.0,Arabica,7.346666666666667
Indonesia,1,2,2024,2024-12-27,Honey,7.33,7.5,7.25,7.33,7.25,7.33,10.0,10.0,10.0,0.13,0,5,Green,5,2025-12-27,1000.0,Arabica,7.331666666666666
Taiwan,1,2,2025,2025-09-26,Natural/Dry,7.5,7.33,7.42,7.25,7.33,7.17,10.0,10.0,10.0,0.094,0,0,Brown,4,2026-09-26,1100.0,Arabica,7.333333333333333
Colombia,285,70,2025,2024-11-23,Washed/Wet,7.5,7.17,6.92,7.0,7.25,8.17,10.0,10.0,10.0,0.121,0,0,Green,1,2025-11-23,1700.0,Arabica,7.335000000000001
Taiwan,1,6,2025,2024-12-16,Natural/Dry,7.42,7.33,7.25,7.42,7.25,7.25,10.0,10.0,10.0,0.145,0,0,Green,5,2025-12-16,750.0,Arabica,7.32
Colombia,375,70,2025,2025-08-21,Washed/Wet,7.33,7.33,7.08,7.42,7.42,7.25,10.0,10.0,10.0,0.109,1,14,Green,4,2026-08-21,1590.0,Arabica,7.305000000000001
Indonesia,1,2,2024,2024-12-27,Washed/Wet,7.25,7.42,7.25,7.42,7.33,7.25,10.0,10.0,10.0,0.123,0,3,Green,3,2025-12-27,1500.0,Arabica,7.32
Taiwan,1,6,2024,2025-09-12,Honey,7.33,7.25,7.33,7.25,7.33,7.33,10.0,10.0,10.0,0.112,0,0,Brown,4,2026-09-12,250.0,Arabica,7.303333333333334
Taiwan,1,6,2024,2025-09-12,Washed/Wet,7.42,7.42,7.17,7.42,7.33,7.25,10.0,10.0,10.0,0.103,0,0,Blue-Green,0,2026-09-12,300.0,Arabica,7.335
Brazil,2,60,2024,2024-11-07,Natural/Dry,7.17,7.42,7.25,7.33,7.25,7.33,10.0,10.0,10.0,0.103,0,1,Green,1,2025-11-07,1050.0,Arabica,7.291666666666667
Taiwan,1,2,2025,2025-09-26,Washed/Wet,7.33,7.25,7.42,7.25,7.25,7.25,10.0,10.0,10.0,0.098,0,0,Green,0,2026-09-26,1000.0,Arabica,7.291666666666667
Taiwan,1,2,2025,2025-09-26,Honey,7.25,7.33,7.33,7.25,7.25,7.25,10.0,10.0,10.0,0.102,0,0,Blue-Green,1,2026-09-26,400.0,Arabica,7.276666666666666
El Salvador,275,69,2025,2025-05-02,Washed/Wet,7.5,7.25,7.25,7.17,7.33,7.33,10.0,10.0,10.0,0.118,0,1,Green,1,2026-05-02,1325.0,Arabica,7.305
Taiwan,1,2,2025,2025-09-26,Natural/Dry,7.25,7.25,7.17,7.33,7.33,7.33,10.0,10.0,10.0,0.116,0,1,Yellow-Green,4,2026-09-26,1100.0,Arabica,7.276666666666666
Taiwan,1,2,2025,2025-09-26,Natural/Dry,7.33,7.33,7.33,7.17,7.25,7.25,10.0,10.0,10.0,0.104,0,0,Green,0,2026-09-26,400.0,Arabica,7.276666666666667
Thailand,1,3,2025,2025-09-29,Natural/Dry,7.08,7.25,7.25,7.25,7.5,7.17,10.0,10.0,10.0,0.103,1,0,Green,7,2026-09-29,1175.0,Arabica,7.25
Jamaica,1,2,2025,2025-02-14,Washed/Wet,7.25,7.17,7.08,7.25,7.33,7.25,10.0,10.0,10.0,0.113,0,2,Blue-Green,1,2026-02-14,1600.0,Arabica,7.221666666666667
Indonesia,1,2,2024,2024-12-27,Washed/Wet,7.42,7.25,7.08,7.17,7.33,7.17,10.0,10.0,10.0,0.12,0,0,Blue-Green,5,2025-12-27,1200.0,Arabica,7.236666666666667
Vietnam,83,60,2025,2025-04-19,Honey,7.25,7.17,7.25,7.08,7.25,7.25,10.0,10.0,10.0,0.12,0,1,Green,0,2026-04-19,1500.0,Arabica,7.208333333333333
Vietnam,1,2,2025,2025-03-05,Washed/Wet,7.25,7.25,7.17,7.25,7.17,7.17,10.0,10.0,10.0,0.112,0,0,Yellow-Green,2,2026-03-05,1000.0,Arabica,7.210000000000001
Uganda,5,60,2023,2024-11-20,Honey,7.33,7.25,7.33,7.25,7.08,7.0,10.0,10.0,10.0,0.103,0,0,Green,1,2025-11-20,1800.0,Arabica,7.206666666666667
Colombia,600,30,2025,2024-11-23,Washed/Wet,8.0,7.67,7.75,8.0,7.75,7.58,10.0,8.67,10.0,0.122,0,0,Green,1,2025-11-23,1959.0,Arabica,7.791666666666667
Vietnam,2,1,2024,2024-12-03,Honey,7.25,7.33,7.17,7.25,7.08,7.08,10.0,10.0,10.0,0.119,0,0,Green,0,2025-12-03,1500.0,Arabica,7.1933333333333325
Brazil,640,60,2024,2025-01-02,Natural/Dry,7.58,7.5,7.5,7.42,7.33,7.33,8.0,10.0,10.0,0.094,0,0,Yellow-Green,0,2026-01-02,1025.0,Arabica,7.4433333333333325
Vietnam,1,1,2025,2025-04-08,Honey,7.08,7.08,7.17,7.17,7.25,7.08,10.0,10.0,10.0,0.092,0,0,Green,4,2026-04-08,5400.0,Arabica,7.138333333333333
Brazil,2,60,2024,2024-11-20,Natural/Dry,7.17,7.0,7.08,7.25,7.08,7.08,10.0,10.0,10.0,0.108,0,0,Yellow,0,2025-11-20,1000.0,Arabica,7.109999999999999
Colombia,375,70,2025,2025-06-02,Washed/Wet,7.58,7.42,7.33,7.42,7.5,7.42,8.67,8.67,8.67,0.106,0,0,Green,4,2026-06-02,1450.0,Arabica,7.445
Brazil,1600,96000,2025,2025-09-22,Natural/Dry,7.67,7.67,7.58,7.67,7.67,7.58,8.0,8.0,9.33,0.11,0,0,Green,1,2026-09-22,1100.0,Arabica,7.640000000000001
Indonesia,1,2,2024,2024-12-27,Washed/Wet,7.33,7.08,7.08,7.33,7.17,7.25,8.67,8.67,10.0,0.122,0,6,Green,0,2025-12-27,1200.0,Arabica,7.206666666666667
Vietnam,6,60,2025,2025-08-07,Natural/Dry,8.67,8.58,8.42,8.42,8.33,8.5,10.0,10.0,8.5,0.119,0,0,Yellow,0,2026-08-07,560.0,Robusta,8.486666666666666
Vietnam,21,60,2025,2025-05-19,Natural/Dry,8.58,8.5,8.42,8.42,8.33,8.42,10.0,10.0,8.42,0.106,0,1,Blue-Green,1,2026-05-19,800.0,Robusta,8.445
Thailand,20,8,2025,2025-08-26,Natural/Dry,8.5,8.25,8.33,8.5,8.17,8.25,10.0,10.0,8.17,0.137,0,0,Yellow,1,2026-08-26,900.0,Robusta,8.333333333333334
Thailand,1,7,2025,2025-10-02,Natural/Dry,8.33,8.33,8.08,8.33,8.33,8.25,10.0,10.0,8.25,0.103,0,0,Yellow-Green,0,2026-10-02,300.0,Robusta,8.275
Vietnam,15,30,2025,2025-05-05,Fermentation,8.25,8.42,8.17,8.25,8.25,8.25,10.0,10.0,8.33,0.12,0,1,Brown,0,2026-05-05,1200.0,Robusta,8.265
Vietnam,1,60,2025,2025-04-07,Natural/Dry,8.17,8.25,8.25,8.25,8.08,8.25,10.0,10.0,8.17,0.117,0,0,Green,1,2026-04-07,850.0,Robusta,8.208333333333334
Thailand,2,100,2025,2025-08-26,Natural/Dry,8.33,8.5,8.42,8.17,8.0,8.25,10.0,10.0,8.25,0.111,0,0,Yellow-Green,1,2026-08-26,150.0,Robusta,8.278333333333334
Vietnam,4000,1,2025,2025-07-09,Natural/Dry,8.33,8.33,8.25,8.42,8.17,8.17,10.0,10.0,8.25,0.11,0,0,Green,0,2026-07-09,500.0,Robusta,8.278333333333334
Vietnam,6000,1,2025,2025-07-09,Natural/Dry,8.42,8.42,8.25,8.25,8.0,8.25,10.0,10.0,8.25,0.11,0,0,Green,0,2026-07-09,590.0,Robusta,8.265
Cambodia,30,30,2025,2025-09-03,Natural/Dry,8.33,8.17,8.17,8.25,8.17,8.25,10.0,10.0,8.5,0.111,0,0,Yellow,3,2026-09-03,150.0,Robusta,8.223333333333334
Vietnam,105,1,2025,2025-07-09,Natural/Dry,8.25,8.42,8.25,8.25,8.08,8.17,10.0,10.0,8.25,0.11,0,0,Green,0,2026-07-09,1040.0,Robusta,8.236666666666666
Thailand,1,8,2021,2025-10-02,Natural/Dry,8.25,8.33,8.08,8.17,8.17,8.25,10.0,10.0,8.33,0.104,0,0,Brown,0,2026-10-02,80.0,Robusta,8.208333333333334
Thailand,2,10,2023,2024-11-07,Natural/Dry,8.17,8.08,8.0,8.17,8.08,8.17,10.0,10.0,8.25,0.094,0,0,Yellow,0,2025-11-07,1300.0,Robusta,8.111666666666666
Vietnam,3000,1,2025,2025-07-09,Natural/Dry,8.42,8.33,8.17,8.25,8.08,8.17,10.0,10.0,8.17,0.11,0,0,Green,0,2026-07-09,800.0,Robusta,8.236666666666666
Vietnam,18000,1,2025,2025-07-09,Natural/Dry,8.5,8.33,8.17,8.25,8.0,8.08,10.0,10.0,8.17,0.11,0,0,Green,0,2026-07-09,500.0,Robusta,8.221666666666666
Vietnam,30000,1,2025,2025-07-09,Natural/Dry,8.33,8.25,8.17,8.17,8.17,8.17,10.0,10.0,8.33,0.11,0,0,Green,0,2026-07-09,1100.0,Robusta,8.21
Thailand,3,8,2025,2025-10-02,Natural/Dry,8.33,8.33,8.0,8.17,8.17,8.25,10.0,10.0,8.08,0.117,0,0,Brown,0,2026-10-02,79.0,Robusta,8.208333333333334
Vietnam,10000,1,2025,2025-07-09,Natural/Dry,8.25,8.33,8.17,8.17,8.17,8.0,10.0,10.0,8.25,0.11,0,0,Green,0,2026-07-09,625.0,Robusta,8.181666666666667
Vietnam,10000,1,2025,2025-07-09,Natural/Dry,8.25,8.33,8.17,8.33,8.08,8.08,10.0,10.0,8.17,0.107,0,0,Green,0,2026-07-09,1080.0,Robusta,8.206666666666665
Thailand,1,8,2025,2025-08-26,Natural/Dry,8.25,8.25,7.92,8.42,8.08,8.08,10.0,10.0,8.5,0.122,0,0,Yellow,2,2026-08-26,500.0,Robusta,8.166666666666666
Cambodia,30,30,2025,2025-03-24,Natural/Dry,8.17,8.08,8.17,8.25,8.17,8.25,10.0,10.0,8.33,0.12,0,1,Blue-Green,0,2026-03-24,700.0,Robusta,8.181666666666667
Vietnam,1500,1,2025,2025-07-09,Natural/Dry,8.33,8.17,8.17,8.33,8.08,8.08,10.0,10.0,8.17,0.11,0,0,Green,0,2026-07-09,950.0,Robusta,8.193333333333333
Cameroon,10,60,2025,2024-12-30,Natural/Dry,8.08,8.17,8.0,8.25,8.17,8.25,10.0,10.0,8.33,0.109,0,0,Yellow-green,0,2025-12-30,700.0,Robusta,8.153333333333334
Vietnam,1,2,2025,2025-09-22,Honey,8.25,8.17,8.08,8.08,8.08,8.17,10.0,10.0,8.17,0.121,0,0,Blue-Green,0,2026-09-22,800.0,Robusta,8.138333333333334
Vietnam,35,60,2025,2025-09-29,Natural/Dry,8.5,8.17,8.0,8.17,8.0,8.08,10.0,10.0,8.17,0.118,0,0,Blue-Green,0,2026-09-29,850.0,Robusta,8.153333333333334
Vietnam,40000,1,2025,2025-07-09,Natural/Dry,8.25,8.25,8.08,8.25,8.0,8.0,10.0,10.0,8.17,0.112,0,0,Green,0,2026-07-09,700.0,Robusta,8.138333333333334
Vietnam,50,60,2025,2025-05-22,Natural/Dry,8.25,8.0,8.08,8.17,8.17,8.17,10.0,10.0,8.17,0.115,0,0,Green,0,2026-05-22,800.0,Robusta,8.14
Vietnam,10000,1,2025,2025-07-09,Natural/Dry,8.42,8.17,8.0,8.17,8.0,8.08,10.0,10.0,8.17,0.111,0,0,Green,0,2026-07-09,600.0,Robusta,8.139999999999999
Vietnam,40000,1,2025,2025-07-09,Washed/Wet,8.17,8.25,8.0,8.25,8.08,8.0,10.0,10.0,8.08,0.107,0,0,Green,0,2026-07-09,700.0,Robusta,8.125
Vietnam,25000,1,2025,2025-07-09,Natural/Dry,8.42,8.17,8.0,8.25,8.0,8.0,10.0,10.0,8.08,0.11,0,0,Green,0,2026-07-09,800.0,Robusta,8.14
Vietnam,8000,1,2025,2025-07-09,Natural/Dry,8.33,8.17,7.92,8.17,8.0,8.08,10.0,10.0,8.17,0.109,0,0,Green,0,2026-07-09,710.0,Robusta,8.111666666666666
Vietnam,10000,1,2025,2025-07-09,Natural/Dry,8.42,8.17,7.92,8.17,8.08,8.08,10.0,10.0,8.08,0.11,0,0,Green,0,2026-07-09,700.0,Robusta,8.139999999999999
Vietnam,30,60,2025,2025-05-15,Natural/Dry,8.08,8.0,8.08,8.08,8.17,8.25,10.0,10.0,8.25,0.12,0,0,Green,0,2026-05-15,900.0,Robusta,8.11
Vietnam,4000,1,2025,2025-07-09,Washed/Wet,8.25,8.17,8.08,8.08,8.08,8.08,10.0,10.0,8.08,0.11,0,0,Green,0,2026-07-09,950.0,Robusta,8.123333333333333
Vietnam,10,60,2025,2025-04-07,Natural/Dry,8.33,8.33,8.0,8.0,8.0,8.08,10.0,10.0,8.0,0.131,0,0,Green,0,2026-04-07,650.0,Robusta,8.123333333333333
Vietnam,10,30,2025,2025-07-01,Fermentation,8.33,8.17,8.08,8.08,8.0,8.0,10.0,10.0,8.0,0.117,0,1,Yellow,0,2026-07-01,860.0,Robusta,8.11
Thailand,1,8,2025,2025-08-26,Honey,8.17,8.0,7.92,8.08,8.17,8.17,10.0,10.0,8.08,0.106,0,0,Green,0,2026-08-26,167.0,Robusta,8.085
Vietnam,60,1,2025,2025-07-09,Natural/Dry,8.25,8.25,7.92,8.0,8.08,7.92,10.0,10.0,8.17,0.11,0,0,Green,0,2026-07-09,1040.0,Robusta,8.07
Vietnam,6000,1,2025,2025-07-09,Natural/Dry,8.08,8.0,8.0,8.0,8.08,8.0,10.0,10.0,8.17,0.11,0,0,Green,0,2026-07-09,590.0,Robusta,8.026666666666666
Vietnam,1500,1,2025,2025-07-09,Natural/Dry,8.17,8.0,7.83,8.17,8.0,8.0,10.0,10.0,8.08,0.11,0,0,Green,0,2026-07-09,1400.0,Robusta,8.028333333333334
Thailand,1,20,2025,2025-08-26,Natural/Dry,7.58,8.0,8.0,8.25,8.17,8.17,10.0,10.0,8.08,0.106,0,0,Green,1,2026-08-26,850.0,Robusta,8.028333333333334
Vietnam,10000,1,2025,2025-07-09,Natural/Dry,8.33,8.17,7.83,8.17,7.92,7.83,10.0,10.0,8.0,0.11,0,0,Green,0,2026-07-09,625.0,Robusta,8.041666666666666
Vietnam,20,60,2025,2025-04-07,Natural/Dry,8.17,8.08,8.0,8.0,8.0,8.0,10.0,10.0,7.92,0.129,0,0,Green,0,2026-04-07,650.0,Robusta,8.041666666666666
Vietnam,13,60,2021,2025-04-07,Natural/Dry,8.0,8.08,8.08,8.0,8.0,8.0,10.0,10.0,7.83,0.109,0,0,Green,0,2026-04-07,900.0,Robusta,8.026666666666666
Vietnam,19,60,2025,2025-04-07,Honey,7.92,7.92,8.0,8.17,7.83,8.0,10.0,10.0,8.08,0.106,0,0,Green,1,2026-04-07,650.0,Robusta,7.973333333333333
Vietnam,5150,60,2025,2025-04-07,Natural/Dry,7.92,7.83,7.83,8.08,8.0,8.0,10.0,10.0,8.08,0.131,0,0,Green,1,2026-04-07,550.0,Robusta,7.9433333333333325
Thailand,1,8,2025,2025-08-26,Natural/Dry,8.17,8.08,7.92,7.92,7.67,7.83,10.0,10.0,8.0,0.112,0,0,Yellow-Green,3,2026-08-26,579.0,Robusta,7.9316666666666675
Vietnam,166,60,2025,2025-05-22,Honey,7.83,7.75,8.0,7.92,8.08,8.0,10.0,10.0,7.92,0.117,0,0,Green,1,2026-05-22,800.0,Robusta,7.93
Vietnam,1,1,2025,2025-04-08,Natural/Dry,7.92,7.92,7.75,7.75,8.08,8.0,10.0,10.0,8.17,0.093,0,0,Yellow,0,2026-04-08,5400.0,Robusta,7.903333333333333
Vietnam,10000,1,2025,2025-08-18,Honey,7.83,8.0,7.92,7.92,8.0,7.92,10.0,10.0,8.0,0.11,0,0,Green,0,2026-08-18,950.0,Robusta,7.9316666666666675
Vietnam,10000,1,2025,2025-08-18,Washed/Wet,8.0,7.92,7.75,7.92,7.92,7.92,10.0,10.0,8.0,0.11,0,0,Green,0,2026-08-18,880.0,Robusta,7.905000000000001
Vietnam,25000,1,2025,2025-08-18,Natural/Dry,8.25,7.92,7.83,7.92,7.83,7.83,10.0,10.0,7.92,0.11,0,0,Green,0,2026-08-18,800.0,Robusta,7.93
Vietnam,142000,1,2025,2025-08-18,Honey,8.08,8.0,7.92,7.92,7.83,7.92,10.0,10.0,7.83,0.11,0,0,Green,0,2026-08-18,880.0,Robusta,7.945
Vietnam,2,2,2025,2025-09-29,Natural/Dry,8.0,7.92,7.83,7.92,7.92,7.92,10.0,10.0,7.92,0.121,0,0,Blue-Green,0,2026-09-29,825.0,Robusta,7.918333333333334
Vietnam,1,2,2025,2025-05-22,Natural/Dry,8.33,7.92,7.83,7.83,7.83,7.83,10.0,10.0,7.83,0.11,0,0,Yellow-Green,2,2026-05-22,700.0,Robusta,7.928333333333332
Vietnam,28,60,2025,2025-09-29,Honey,8.0,7.83,7.92,7.75,8.0,7.92,10.0,10.0,7.92,0.12,0,0,Blue-Green,0,2026-09-29,850.0,Robusta,7.903333333333333
Vietnam,2,2,2025,2025-09-29,Honey,8.0,7.83,7.75,7.92,7.92,7.92,10.0,10.0,7.92,0.12,0,0,Green,0,2026-09-29,800.0,Robusta,7.890000000000001
Indonesia,1,50,2021,2025-10-13,Natural/Dry,7.75,7.92,7.67,7.67,8.0,8.0,10.0,10.0,8.25,0.123,0,0,Green,2,2026-10-13,1300.0,Robusta,7.835
Vietnam,16,60,2025,2025-05-22,Natural/Dry,7.83,7.83,7.92,8.08,7.92,7.83,10.0,10.0,7.92,0.114,0,0,Green,0,2026-05-22,800.0,Robusta,7.901666666666666
Thailand,1,2,2025,2025-05-29,Natural/Dry,8.0,8.08,8.08,7.83,7.58,7.83,10.0,10.0,7.92,0.108,0,0,Brown,1,2026-05-29,338.0,Robusta,7.899999999999999
Vietnam,500000,1,2025,2025-08-18,Washed/Wet,7.92,7.92,7.83,8.0,7.83,7.83,10.0,10.0,7.92,0.11,0,0,Green,0,2026-08-18,900.0,Robusta,7.888333333333333
Vietnam,500000,1,2025,2025-08-18,Washed/Wet,7.83,7.92,7.83,7.92,7.83,7.83,10.0,10.0,8.0,0.11,0,0,Green,0,2026-08-18,900.0,Robusta,7.859999999999999
Vietnam,500000,1,2025,2025-08-18,Washed/Wet,7.83,7.83,7.83,7.92,7.92,7.92,10.0,10.0,7.83,0.11,0,0,Green,0,2026-08-18,900.0,Robusta,7.875000000000001
Vietnam,2,1,2025,2025-05-19,Honey,7.75,7.83,7.75,7.92,8.0,7.83,10.0,10.0,7.92,0.124,0,0,Blue-Green,0,2026-05-19,650.0,Robusta,7.846666666666667
Vietnam,20,50,2025,2025-08-07,Washed/Wet,7.75,7.83,7.83,7.83,7.92,7.83,10.0,10.0,7.83,0.116,0,0,Green,0,2026-08-07,850.0,Robusta,7.831666666666667
Thailand,1,2,2025,2025-06-11,Natural/Dry,7.83,7.75,7.83,7.83,7.83,7.83,10.0,10.0,7.92,0.088,0,0,Yellow-Green,0,2026-06-11,200.0,Robusta,7.816666666666666
Vietnam,5,60,2025,2025-04-07,Natural/Dry,8.33,8.08,7.75,7.67,7.67,7.75,10.0,10.0,7.67,0.112,0,0,Brown,1,2026-04-07,840.0,Robusta,7.875
Vietnam,10000,1,2025,2025-08-18,Washed/Wet,7.83,7.83,7.83,7.83,7.83,7.75,10.0,10.0,7.92,0.11,0,0,Green,0,2026-08-18,880.0,Robusta,7.816666666666666
Vietnam,20000,1,2025,2025-08-18,Natural/Dry,7.67,7.92,7.83,7.92,7.83,7.75,10.0,10.0,7.83,0.11,0,0,Green,0,2026-08-18,600.0,Robusta,7.82
Cambodia,10,60,2025,2025-09-03,Natural/Dry,7.83,7.83,8.0,7.75,7.58,7.67,10.0,10.0,7.83,0.111,0,2,Yellow-Green,5,2026-09-03,500.0,Robusta,7.776666666666667
Vietnam,25000,1,2025,2025-08-18,Natural/Dry,8.08,7.75,7.67,7.92,7.67,7.67,10.0,10.0,7.75,0.11,0,0,Green,0,2026-08-18,800.0,Robusta,7.793333333333334
Vietnam,20,60,2025,2025-06-26,Natural/Dry,7.75,7.67,7.75,7.92,7.75,7.75,10.0,10.0,7.75,0.114,0,0,Blue-Green,0,2026-06-26,550.0,Robusta,7.765000000000001
Vietnam,1,2,2025,2025-04-07,Natural/Dry,7.75,7.83,7.67,7.92,7.58,7.75,10.0,10.0,7.83,0.104,0,0,Green,0,2026-04-07,1020.0,Robusta,7.75
Thailand,1,10,2024,2024-11-07,Natural/Dry,8.0,7.92,7.67,7.67,7.58,7.58,10.0,10.0,7.75,0.098,0,0,Yellow,0,2025-11-07,12.0,Robusta,7.7366666666666655
Vietnam,2,2,2025,2025-09-29,Natural/Dry,7.67,7.58,7.67,7.67,7.75,7.75,10.0,10.0,7.75,0.117,0,0,Blue-Green,0,2026-09-29,825.0,Robusta,7.6816666666666675
Vietnam,10,50,2021,2025-08-13,,7.83,7.75,7.67,7.58,7.75,7.58,10.0,10.0,7.67,0.118,0,0,Blue-Green,0,2026-08-13,900.0,Robusta,7.6933333333333325
India,200,30,2025,2025-05-05,Washed/Wet,7.67,7.67,7.67,7.75,7.58,7.67,10.0,10.0,7.75,0.106,0,0,Green,3,2026-05-05,1040.0,Robusta,7.668333333333333
India,250,60,2025,2024-11-07,Washed/Wet,7.75,7.5,7.5,7.83,7.67,7.58,10.0,10.0,7.75,0.142,0,2,Green,6,2025-11-07,2870.0,Robusta,7.638333333333333
Vietnam,20000,1,2025,2025-08-18,Natural/Dry,7.58,7.67,7.67,7.58,7.67,7.67,10.0,10.0,7.67,0.11,0,0,Green,0,2026-08-18,870.0,Robusta,7.640000000000001
India,166,30,2025,2025-05-05,Natural/Dry,7.58,7.58,7.67,7.58,7.67,7.67,10.0,10.0,7.67,0.112,0,0,Yellow-Green,6,2026-05-05,1040.0,Robusta,7.625
Vietnam,383,60,2025,2025-06-11,Honey,7.67,7.58,7.67,7.58,7.58,7.67,10.0,10.0,7.58,0.116,0,1,Blue-Green,1,2026-06-11,800.0,Robusta,7.625
India,100,60,2024,2025-05-20,Natural/Dry,7.83,7.75,7.67,7.75,7.67,7.5,9.33,10.0,7.75,0.124,0,0,Brown,7,2026-05-20,900.0,Robusta,7.695
Thailand,1,2,2021,2025-06-11,Natural/Dry,7.67,7.58,7.58,7.5,7.58,7.67,10.0,10.0,7.5,0.108,0,0,Yellow,0,2026-06-11,100.0,Robusta,7.596666666666667
India,320,60,2024,2024-11-07,Washed/Wet,7.58,7.42,7.5,7.75,7.42,7.5,10.0,10.0,7.75,0.139,0,1,Green,4,2025-11-07,2950.0,Robusta,7.528333333333333
Brazil,4,60,2020,2024-11-20,Fermentation,7.67,7.67,7.42,7.58,7.42,7.5,10.0,10.0,7.58,0.117,2,0,Brown,10,2025-11-20,232.0,Robusta,7.543333333333333
India,60,30,2025,2025-05-05,Honey,7.58,7.5,7.42,7.5,7.33,7.58,10.0,10.0,7.42,0.103,0,0,Yellow-Green,0,2026-05-05,1040.0,Robusta,7.484999999999999
Vietnam,15,30,2025,2025-04-07,Natural/Dry,7.42,7.25,7.17,7.5,7.17,7.33,10.0,10.0,7.67,0.123,0,0,Green,0,2026-04-07,550.0,Robusta,7.306666666666666
Brazil,1,60,2024,2024-11-20,Washed/Wet,7.25,7.25,7.08,7.08,7.33,7.17,10.0,10.0,7.08,0.106,0,0,Yellow,2,2025-11-20,200.0,Robusta,7.1933333333333325
Brazil,1,60,2024,2024-11-20,Natural/Dry,7.0,7.17,7.17,6.92,7.25,7.0,10.0,10.0,7.08,0.106,0,0,Brown,2,2025-11-20,232.0,Robusta,7.085
India,5,60,2023,2024-11-20,Washed/Wet,7.25,6.67,6.83,6.67,7.0,6.92,10.0,10.0,6.67,0.108,0,0,Yellow,0,2025-11-20,950.0,Robusta,6.890000000000001
India,5,60,2023,2024-11-20,Washed/Wet,7.17,6.75,6.67,6.67,6.58,6.58,10.0,10.0,6.67,0.093,0,0,Green,4,2025-11-20,900.0,Robusta,6.7366666666666655
